"jurisdiction","date","cases.JHU","deaths.JHU","numconf","numprob","numdeaths","numtotal"
"Alberta",2019-12-31,0,0,0,0,0,0
"Alberta",2020-01-01,0,0,0,0,0,0
"Alberta",2020-01-02,0,0,0,0,0,0
"Alberta",2020-01-03,0,0,0,0,0,0
"Alberta",2020-01-04,0,0,0,0,0,0
"Alberta",2020-01-05,0,0,0,0,0,0
"Alberta",2020-01-06,0,0,0,0,0,0
"Alberta",2020-01-07,0,0,0,0,0,0
"Alberta",2020-01-08,0,0,0,0,0,0
"Alberta",2020-01-09,0,0,0,0,0,0
"Alberta",2020-01-10,0,0,0,0,0,0
"Alberta",2020-01-11,0,0,0,0,0,0
"Alberta",2020-01-12,0,0,0,0,0,0
"Alberta",2020-01-13,0,0,0,0,0,0
"Alberta",2020-01-14,0,0,0,0,0,0
"Alberta",2020-01-15,0,0,0,0,0,0
"Alberta",2020-01-16,0,0,0,0,0,0
"Alberta",2020-01-17,0,0,0,0,0,0
"Alberta",2020-01-18,0,0,0,0,0,0
"Alberta",2020-01-19,0,0,0,0,0,0
"Alberta",2020-01-20,0,0,0,0,0,0
"Alberta",2020-01-21,0,0,0,0,0,0
"Alberta",2020-01-22,0,0,0,0,0,0
"Alberta",2020-01-23,0,0,0,0,0,0
"Alberta",2020-01-24,0,0,0,0,0,0
"Alberta",2020-01-25,0,0,0,0,0,0
"Alberta",2020-01-26,0,0,0,0,0,0
"Alberta",2020-01-27,0,0,0,0,0,0
"Alberta",2020-01-28,0,0,0,0,0,0
"Alberta",2020-01-29,0,0,0,0,0,0
"Alberta",2020-01-30,0,0,0,0,0,0
"Alberta",2020-01-31,0,0,0,0,0,0
"Alberta",2020-02-01,0,0,0,0,0,0
"Alberta",2020-02-02,0,0,0,0,0,0
"Alberta",2020-02-03,0,0,0,0,0,0
"Alberta",2020-02-04,0,0,0,0,0,0
"Alberta",2020-02-05,0,0,0,0,0,0
"Alberta",2020-02-06,0,0,0,0,0,0
"Alberta",2020-02-07,0,0,0,0,0,0
"Alberta",2020-02-08,0,0,0,0,0,0
"Alberta",2020-02-09,0,0,0,0,0,0
"Alberta",2020-02-10,0,0,0,0,0,0
"Alberta",2020-02-11,0,0,0,0,0,0
"Alberta",2020-02-12,0,0,0,0,0,0
"Alberta",2020-02-13,0,0,0,0,0,0
"Alberta",2020-02-14,0,0,0,0,0,0
"Alberta",2020-02-15,0,0,0,0,0,0
"Alberta",2020-02-16,0,0,0,0,0,0
"Alberta",2020-02-17,0,0,0,0,0,0
"Alberta",2020-02-18,0,0,0,0,0,0
"Alberta",2020-02-19,0,0,0,0,0,0
"Alberta",2020-02-20,0,0,0,0,0,0
"Alberta",2020-02-21,0,0,0,0,0,0
"Alberta",2020-02-22,0,0,0,0,0,0
"Alberta",2020-02-23,0,0,0,0,0,0
"Alberta",2020-02-24,0,0,0,0,0,0
"Alberta",2020-02-25,0,0,0,0,0,0
"Alberta",2020-02-26,0,0,0,0,0,0
"Alberta",2020-02-27,0,0,0,0,0,0
"Alberta",2020-02-28,0,0,0,0,0,0
"Alberta",2020-02-29,0,0,0,0,0,0
"Alberta",2020-03-01,0,0,0,0,0,0
"Alberta",2020-03-02,0,0,0,0,0,0
"Alberta",2020-03-03,0,0,0,0,0,0
"Alberta",2020-03-04,0,0,0,0,0,0
"Alberta",2020-03-05,0,0,0,0,0,0
"Alberta",2020-03-06,1,0,0,0,0,0
"Alberta",2020-03-07,2,0,0,0,0,0
"Alberta",2020-03-08,4,0,1,0,0,1
"Alberta",2020-03-09,7,0,7,0,0,7
"Alberta",2020-03-10,7,0,7,0,0,7
"Alberta",2020-03-11,19,0,14,0,0,14
"Alberta",2020-03-12,19,0,19,0,0,19
"Alberta",2020-03-13,29,0,23,0,0,23
"Alberta",2020-03-14,29,0,29,0,0,29
"Alberta",2020-03-15,39,0,39,0,0,39
"Alberta",2020-03-16,56,0,56,0,0,56
"Alberta",2020-03-17,74,0,74,0,0,74
"Alberta",2020-03-18,97,0,97,0,0,97
"Alberta",2020-03-19,119,0,146,0,0,146
"Alberta",2020-03-20,146,1,195,0,1,195
"Alberta",2020-03-21,195,1,226,0,1,226
"Alberta",2020-03-22,259,1,259,0,1,259
"Alberta",2020-03-23,301,1,301,0,1,301
"Alberta",2020-03-24,359,1,358,0,2,358
"Alberta",2020-03-25,358,2,419,0,2,419
"Alberta",2020-03-26,486,2,486,0,2,486
"Alberta",2020-03-27,542,2,542,0,2,542
"Alberta",2020-03-28,542,2,542,0,2,542
"Alberta",2020-03-29,621,2,621,0,2,621
"Alberta",2020-03-30,661,3,690,0,8,690
"Alberta",2020-03-31,690,8,754,0,9,754
"Alberta",2020-04-01,754,9,754,0,9,754
"Alberta",2020-04-02,969,13,968,0,13,968
"Alberta",2020-04-03,969,13,1075,0,18,1075
"Alberta",2020-04-04,1075,18,1075,0,18,1075
"Alberta",2020-04-05,1181,20,1250,0,23,1250
"Alberta",2020-04-06,1250,23,1348,0,24,1348
"Alberta",2020-04-07,1373,24,1373,0,26,1373
"Alberta",2020-04-08,1373,26,1423,0,29,1423
"Alberta",2020-04-09,1423,29,1451,0,32,1451
"Alberta",2020-04-10,1451,32,1500,0,39,1500
"Alberta",2020-04-11,1567,40,1569,0,40,1569
"Alberta",2020-04-12,1567,40,1651,0,44,1651
"Alberta",2020-04-13,1732,46,1732,0,46,1732
"Alberta",2020-04-14,1870,48,1870,0,48,1870
"Alberta",2020-04-15,1870,48,1996,0,48,1996
"Alberta",2020-04-16,1996,48,2158,0,50,2158
"Alberta",2020-04-17,2397,50,2397,0,50,2397
"Alberta",2020-04-18,2562,51,2562,0,51,2562
"Alberta",2020-04-19,2803,51,2562,0,51,2562
"Alberta",2020-04-20,2908,59,2908,0,59,2908
"Alberta",2020-04-21,3095,61,3095,0,61,3095
"Alberta",2020-04-22,3401,66,3401,0,66,3401
"Alberta",2020-04-23,3720,68,3720,0,67,3720
"Alberta",2020-04-24,4017,72,4017,0,72,4017
"Alberta",2020-04-25,4233,73,4233,0,73,4233
"Alberta",2020-04-26,4480,73,4480,0,73,4480
"Alberta",2020-04-27,4696,75,4696,0,75,4696
"Alberta",2020-04-28,4850,80,4850,0,80,4850
"Alberta",2020-04-29,5165,87,5165,0,87,5165
"Alberta",2020-04-30,5355,90,5355,0,89,5355
"Alberta",2020-05-01,5573,92,5573,0,92,5573
"Alberta",2020-05-02,5670,94,5670,0,94,5670
"Alberta",2020-05-03,5766,95,5766,0,95,5766
"Alberta",2020-05-04,5836,104,5836,0,104,5836
"Alberta",2020-05-05,5893,106,5893,0,106,5893
"Alberta",2020-05-06,5963,112,5963,0,112,5963
"Alberta",2020-05-07,6017,114,6017,0,114,6017
"Alberta",2020-05-08,6098,115,6098,0,115,6098
"Alberta",2020-05-09,6157,116,6157,0,116,6157
"Alberta",2020-05-10,0,0,6253,0,117,6253
"British Columbia",2019-12-31,0,0,0,0,0,0
"British Columbia",2020-01-01,0,0,0,0,0,0
"British Columbia",2020-01-02,0,0,0,0,0,0
"British Columbia",2020-01-03,0,0,0,0,0,0
"British Columbia",2020-01-04,0,0,0,0,0,0
"British Columbia",2020-01-05,0,0,0,0,0,0
"British Columbia",2020-01-06,0,0,0,0,0,0
"British Columbia",2020-01-07,0,0,0,0,0,0
"British Columbia",2020-01-08,0,0,0,0,0,0
"British Columbia",2020-01-09,0,0,0,0,0,0
"British Columbia",2020-01-10,0,0,0,0,0,0
"British Columbia",2020-01-11,0,0,0,0,0,0
"British Columbia",2020-01-12,0,0,0,0,0,0
"British Columbia",2020-01-13,0,0,0,0,0,0
"British Columbia",2020-01-14,0,0,0,0,0,0
"British Columbia",2020-01-15,0,0,0,0,0,0
"British Columbia",2020-01-16,0,0,0,0,0,0
"British Columbia",2020-01-17,0,0,0,0,0,0
"British Columbia",2020-01-18,0,0,0,0,0,0
"British Columbia",2020-01-19,0,0,0,0,0,0
"British Columbia",2020-01-20,0,0,0,0,0,0
"British Columbia",2020-01-21,0,0,0,0,0,0
"British Columbia",2020-01-22,0,0,0,0,0,0
"British Columbia",2020-01-23,0,0,0,0,0,0
"British Columbia",2020-01-24,0,0,0,0,0,0
"British Columbia",2020-01-25,0,0,0,0,0,0
"British Columbia",2020-01-26,0,0,0,0,0,0
"British Columbia",2020-01-27,0,0,0,0,0,0
"British Columbia",2020-01-28,1,0,0,0,0,0
"British Columbia",2020-01-29,1,0,0,0,0,0
"British Columbia",2020-01-30,1,0,0,0,0,0
"British Columbia",2020-01-31,1,0,1,0,0,1
"British Columbia",2020-02-01,1,0,1,0,0,1
"British Columbia",2020-02-02,1,0,1,0,0,1
"British Columbia",2020-02-03,1,0,1,0,0,1
"British Columbia",2020-02-04,1,0,1,0,0,1
"British Columbia",2020-02-05,2,0,1,0,0,1
"British Columbia",2020-02-06,2,0,1,0,0,1
"British Columbia",2020-02-07,4,0,1,0,0,1
"British Columbia",2020-02-08,4,0,4,0,0,4
"British Columbia",2020-02-09,4,0,4,0,0,4
"British Columbia",2020-02-10,4,0,4,0,0,4
"British Columbia",2020-02-11,4,0,4,0,0,4
"British Columbia",2020-02-12,4,0,4,0,0,4
"British Columbia",2020-02-13,4,0,4,0,0,4
"British Columbia",2020-02-14,4,0,4,0,0,4
"British Columbia",2020-02-15,4,0,4,0,0,4
"British Columbia",2020-02-16,4,0,5,0,0,5
"British Columbia",2020-02-17,5,0,5,0,0,5
"British Columbia",2020-02-18,5,0,5,0,0,5
"British Columbia",2020-02-19,5,0,5,0,0,5
"British Columbia",2020-02-20,5,0,5,0,0,5
"British Columbia",2020-02-21,6,0,6,0,0,6
"British Columbia",2020-02-22,6,0,6,0,0,6
"British Columbia",2020-02-23,6,0,6,0,0,6
"British Columbia",2020-02-24,6,0,6,0,0,6
"British Columbia",2020-02-25,7,0,7,0,0,7
"British Columbia",2020-02-26,7,0,7,0,0,7
"British Columbia",2020-02-27,7,0,7,0,0,7
"British Columbia",2020-02-28,7,0,7,0,0,7
"British Columbia",2020-02-29,8,0,7,0,0,7
"British Columbia",2020-03-01,8,0,8,0,0,8
"British Columbia",2020-03-02,8,0,8,0,0,8
"British Columbia",2020-03-03,9,0,12,0,0,12
"British Columbia",2020-03-04,12,0,12,0,0,12
"British Columbia",2020-03-05,13,0,21,0,0,21
"British Columbia",2020-03-06,21,0,21,0,0,21
"British Columbia",2020-03-07,21,0,27,0,0,27
"British Columbia",2020-03-08,27,0,27,0,0,27
"British Columbia",2020-03-09,32,1,32,0,0,32
"British Columbia",2020-03-10,32,1,32,0,0,32
"British Columbia",2020-03-11,39,1,39,0,0,39
"British Columbia",2020-03-12,46,1,46,0,0,46
"British Columbia",2020-03-13,64,1,53,0,0,53
"British Columbia",2020-03-14,64,1,64,0,0,64
"British Columbia",2020-03-15,73,1,73,0,0,73
"British Columbia",2020-03-16,103,4,73,0,0,73
"British Columbia",2020-03-17,103,4,103,0,0,103
"British Columbia",2020-03-18,186,7,186,0,0,186
"British Columbia",2020-03-19,231,7,271,0,0,271
"British Columbia",2020-03-20,271,8,271,0,8,271
"British Columbia",2020-03-21,424,10,424,0,10,424
"British Columbia",2020-03-22,424,10,424,0,10,424
"British Columbia",2020-03-23,472,13,472,0,13,472
"British Columbia",2020-03-24,617,13,617,0,13,617
"British Columbia",2020-03-25,617,13,659,0,14,659
"British Columbia",2020-03-26,725,14,725,0,14,725
"British Columbia",2020-03-27,725,14,725,0,14,725
"British Columbia",2020-03-28,884,17,884,0,16,884
"British Columbia",2020-03-29,884,17,884,0,17,884
"British Columbia",2020-03-30,970,19,960,0,19,960
"British Columbia",2020-03-31,1013,24,970,0,19,970
"British Columbia",2020-04-01,1013,24,1066,0,25,1066
"British Columbia",2020-04-02,1121,31,1121,0,31,1121
"British Columbia",2020-04-03,1174,31,1174,0,35,1174
"British Columbia",2020-04-04,1203,38,1203,0,38,1203
"British Columbia",2020-04-05,1203,38,1203,0,38,1203
"British Columbia",2020-04-06,1266,38,1266,0,39,1266
"British Columbia",2020-04-07,1266,39,1291,0,43,1291
"British Columbia",2020-04-08,1291,43,1336,0,48,1336
"British Columbia",2020-04-09,1336,48,1370,0,50,1370
"British Columbia",2020-04-10,1370,50,1410,0,55,1410
"British Columbia",2020-04-11,1445,58,1445,0,58,1445
"British Columbia",2020-04-12,1445,58,1445,0,58,1445
"British Columbia",2020-04-13,1490,69,1490,0,69,1490
"British Columbia",2020-04-14,1490,69,1517,0,72,1517
"British Columbia",2020-04-15,1517,72,1561,0,75,1561
"British Columbia",2020-04-16,1561,75,1561,0,75,1561
"British Columbia",2020-04-17,1575,77,1575,0,77,1575
"British Columbia",2020-04-18,1618,78,1618,0,78,1618
"British Columbia",2020-04-19,1647,81,1618,0,78,1618
"British Columbia",2020-04-20,1647,82,1699,0,86,1699
"British Columbia",2020-04-21,1724,87,1724,0,87,1724
"British Columbia",2020-04-22,1795,90,1795,0,90,1795
"British Columbia",2020-04-23,1824,94,1824,0,94,1824
"British Columbia",2020-04-24,1853,98,1853,0,98,1853
"British Columbia",2020-04-25,1948,100,1948,0,100,1948
"British Columbia",2020-04-26,1948,100,1948,0,100,1948
"British Columbia",2020-04-27,1998,104,1998,0,103,1998
"British Columbia",2020-04-28,2053,106,2053,0,105,2053
"British Columbia",2020-04-29,2087,109,2087,0,109,2087
"British Columbia",2020-04-30,2112,111,2112,0,111,2112
"British Columbia",2020-05-01,2145,112,2145,0,112,2145
"British Columbia",2020-05-02,2171,114,2171,0,114,2171
"British Columbia",2020-05-03,2171,114,2171,0,114,2171
"British Columbia",2020-05-04,2224,117,2224,0,117,2224
"British Columbia",2020-05-05,2232,121,2232,0,121,2232
"British Columbia",2020-05-06,2255,124,2255,0,124,2255
"British Columbia",2020-05-07,2288,126,2288,0,126,2288
"British Columbia",2020-05-08,2315,127,2315,0,127,2315
"British Columbia",2020-05-09,2330,129,2330,0,129,2330
"British Columbia",2020-05-10,0,0,2330,0,129,2330
"Canada",2019-12-31,0,0,0,0,0,0
"Canada",2020-01-01,0,0,0,0,0,0
"Canada",2020-01-02,0,0,0,0,0,0
"Canada",2020-01-03,0,0,0,0,0,0
"Canada",2020-01-04,0,0,0,0,0,0
"Canada",2020-01-05,0,0,0,0,0,0
"Canada",2020-01-06,0,0,0,0,0,0
"Canada",2020-01-07,0,0,0,0,0,0
"Canada",2020-01-08,0,0,0,0,0,0
"Canada",2020-01-09,0,0,0,0,0,0
"Canada",2020-01-10,0,0,0,0,0,0
"Canada",2020-01-11,0,0,0,0,0,0
"Canada",2020-01-12,0,0,0,0,0,0
"Canada",2020-01-13,0,0,0,0,0,0
"Canada",2020-01-14,0,0,0,0,0,0
"Canada",2020-01-15,0,0,0,0,0,0
"Canada",2020-01-16,0,0,0,0,0,0
"Canada",2020-01-17,0,0,0,0,0,0
"Canada",2020-01-18,0,0,0,0,0,0
"Canada",2020-01-19,0,0,0,0,0,0
"Canada",2020-01-20,0,0,0,0,0,0
"Canada",2020-01-21,0,0,0,0,0,0
"Canada",2020-01-22,0,0,0,0,0,0
"Canada",2020-01-23,0,0,0,0,0,0
"Canada",2020-01-24,0,0,0,0,0,0
"Canada",2020-01-25,0,0,0,0,0,0
"Canada",2020-01-26,0,0,0,0,0,0
"Canada",2020-01-27,0,0,0,0,0,0
"Canada",2020-01-28,0,0,0,0,0,0
"Canada",2020-01-29,0,0,0,0,0,0
"Canada",2020-01-30,0,0,0,0,0,0
"Canada",2020-01-31,0,0,4,0,0,4
"Canada",2020-02-01,0,0,4,0,0,4
"Canada",2020-02-02,0,0,4,0,0,4
"Canada",2020-02-03,0,0,4,0,0,4
"Canada",2020-02-04,0,0,4,0,0,4
"Canada",2020-02-05,0,0,4,0,0,4
"Canada",2020-02-06,0,0,4,0,0,4
"Canada",2020-02-07,0,0,4,0,0,4
"Canada",2020-02-08,0,0,7,0,0,7
"Canada",2020-02-09,0,0,7,0,0,7
"Canada",2020-02-10,0,0,7,0,0,7
"Canada",2020-02-11,0,0,7,0,0,7
"Canada",2020-02-12,0,0,7,0,0,7
"Canada",2020-02-13,0,0,7,0,0,7
"Canada",2020-02-14,0,0,7,0,0,7
"Canada",2020-02-15,0,0,7,0,0,7
"Canada",2020-02-16,0,0,8,0,0,8
"Canada",2020-02-17,0,0,8,0,0,8
"Canada",2020-02-18,0,0,8,0,0,8
"Canada",2020-02-19,0,0,8,0,0,8
"Canada",2020-02-20,0,0,8,0,0,8
"Canada",2020-02-21,0,0,9,0,0,9
"Canada",2020-02-22,0,0,9,0,0,9
"Canada",2020-02-23,0,0,9,0,0,9
"Canada",2020-02-24,0,0,10,0,0,10
"Canada",2020-02-25,0,0,11,0,0,11
"Canada",2020-02-26,0,0,12,0,0,12
"Canada",2020-02-27,0,0,13,0,0,13
"Canada",2020-02-28,0,0,13,0,0,13
"Canada",2020-02-29,0,0,15,0,0,15
"Canada",2020-03-01,0,0,24,0,0,24
"Canada",2020-03-02,0,0,24,0,0,24
"Canada",2020-03-03,0,0,33,0,0,33
"Canada",2020-03-04,0,0,33,0,0,33
"Canada",2020-03-05,0,0,45,0,0,45
"Canada",2020-03-06,0,0,51,0,0,51
"Canada",2020-03-07,0,0,57,0,0,57
"Canada",2020-03-08,0,0,62,0,0,62
"Canada",2020-03-09,0,0,77,0,0,77
"Canada",2020-03-10,0,0,77,0,0,77
"Canada",2020-03-11,0,0,103,0,0,103
"Canada",2020-03-12,0,0,138,3,0,141
"Canada",2020-03-13,0,0,176,3,0,179
"Canada",2020-03-14,0,0,193,6,0,199
"Canada",2020-03-15,0,0,249,6,0,253
"Canada",2020-03-16,0,0,324,17,0,341
"Canada",2020-03-17,0,0,424,17,0,440
"Canada",2020-03-18,0,0,569,28,0,597
"Canada",2020-03-19,0,0,846,28,0,873
"Canada",2020-03-20,0,0,971,33,12,1004
"Canada",2020-03-21,0,0,1302,69,18,1371
"Canada",2020-03-22,0,0,1430,69,20,1471
"Canada",2020-03-23,0,0,1646,445,24,2091
"Canada",2020-03-24,0,0,1959,833,27,2792
"Canada",2020-03-25,0,0,3385,833,35,3409
"Canada",2020-03-26,0,0,4018,833,39,4043
"Canada",2020-03-27,0,0,4675,833,53,4689
"Canada",2020-03-28,0,0,5386,833,59,5425
"Canada",2020-03-29,0,0,6255,833,61,6258
"Canada",2020-03-30,0,0,7424,833,89,7437
"Canada",2020-03-31,0,0,8536,833,96,8548
"Canada",2020-04-01,0,0,9595,833,109,9613
"Canada",2020-04-02,0,0,11268,833,138,11283
"Canada",2020-04-03,0,0,12519,833,187,12537
"Canada",2020-04-04,0,0,13882,833,231,13904
"Canada",2020-04-05,0,0,15496,833,280,15512
"Canada",2020-04-06,0,0,16653,833,323,16667
"Canada",2020-04-07,0,0,17883,833,380,17897
"Canada",2020-04-08,0,0,19274,833,435,19289
"Canada",2020-04-09,0,0,20748,833,509,20765
"Canada",2020-04-10,0,0,22133,833,569,22148
"Canada",2020-04-11,0,0,23301,833,653,23318
"Canada",2020-04-12,0,0,24365,833,717,24383
"Canada",2020-04-13,0,0,25663,833,780,25680
"Canada",2020-04-14,0,0,27046,833,903,27063
"Canada",2020-04-15,0,0,28364,833,1010,28381
"Canada",2020-04-16,0,0,30081,833,1193,30092
"Canada",2020-04-17,0,0,31872,833,1309,31884
"Canada",2020-04-18,0,0,33341,833,1467,33354
"Canada",2020-04-19,0,0,34777,833,1580,34786
"Canada",2020-04-20,0,0,36823,833,1690,36831
"Canada",2020-04-21,0,0,38413,833,1834,38422
"Canada",2020-04-22,0,0,40179,833,1974,40190
"Canada",2020-04-23,0,0,42099,833,2146,42110
"Canada",2020-04-24,0,0,43877,833,2302,43888
"Canada",2020-04-25,0,0,45341,833,2465,45354
"Canada",2020-04-26,0,0,46884,833,2560,46895
"Canada",2020-04-27,0,0,48489,833,2707,48500
"Canada",2020-04-28,0,0,50015,833,2859,50026
"Canada",2020-04-29,0,0,51587,833,2996,51597
"Canada",2020-04-30,0,0,53236,833,3184,53236
"Canada",2020-05-01,0,0,55061,833,3391,55061
"Canada",2020-05-02,0,0,56714,833,3566,56714
"Canada",2020-05-03,0,0,59474,833,3682,59474
"Canada",2020-05-04,0,0,60772,833,3854,60772
"Canada",2020-05-05,0,0,62046,833,4043,62046
"Canada",2020-05-06,0,0,63496,833,4232,63496
"Canada",2020-05-07,0,0,64922,833,4408,64922
"Canada",2020-05-08,0,0,66434,833,4569,66434
"Canada",2020-05-09,0,0,67702,833,4693,67702
"Canada",2020-05-10,0,0,68848,833,4871,68848
"Diamond Princess",2020-01-22,0,0,0,0,0,0
"Diamond Princess",2020-01-23,0,0,0,0,0,0
"Diamond Princess",2020-01-24,0,0,0,0,0,0
"Diamond Princess",2020-01-25,0,0,0,0,0,0
"Diamond Princess",2020-01-26,0,0,0,0,0,0
"Diamond Princess",2020-01-27,0,0,0,0,0,0
"Diamond Princess",2020-01-28,0,0,0,0,0,0
"Diamond Princess",2020-01-29,0,0,0,0,0,0
"Diamond Princess",2020-01-30,0,0,0,0,0,0
"Diamond Princess",2020-01-31,0,0,0,0,0,0
"Diamond Princess",2020-02-01,0,0,0,0,0,0
"Diamond Princess",2020-02-02,0,0,0,0,0,0
"Diamond Princess",2020-02-03,0,0,0,0,0,0
"Diamond Princess",2020-02-04,0,0,0,0,0,0
"Diamond Princess",2020-02-05,0,0,0,0,0,0
"Diamond Princess",2020-02-06,0,0,0,0,0,0
"Diamond Princess",2020-02-07,0,0,0,0,0,0
"Diamond Princess",2020-02-08,0,0,0,0,0,0
"Diamond Princess",2020-02-09,0,0,0,0,0,0
"Diamond Princess",2020-02-10,0,0,0,0,0,0
"Diamond Princess",2020-02-11,0,0,0,0,0,0
"Diamond Princess",2020-02-12,0,0,0,0,0,0
"Diamond Princess",2020-02-13,0,0,0,0,0,0
"Diamond Princess",2020-02-14,0,0,0,0,0,0
"Diamond Princess",2020-02-15,0,0,0,0,0,0
"Diamond Princess",2020-02-16,0,0,0,0,0,0
"Diamond Princess",2020-02-17,0,0,0,0,0,0
"Diamond Princess",2020-02-18,0,0,0,0,0,0
"Diamond Princess",2020-02-19,0,0,0,0,0,0
"Diamond Princess",2020-02-20,0,0,0,0,0,0
"Diamond Princess",2020-02-21,0,0,0,0,0,0
"Diamond Princess",2020-02-22,0,0,0,0,0,0
"Diamond Princess",2020-02-23,0,0,0,0,0,0
"Diamond Princess",2020-02-24,0,0,0,0,0,0
"Diamond Princess",2020-02-25,0,0,0,0,0,0
"Diamond Princess",2020-02-26,0,0,0,0,0,0
"Diamond Princess",2020-02-27,0,0,0,0,0,0
"Diamond Princess",2020-02-28,0,0,0,0,0,0
"Diamond Princess",2020-02-29,0,0,0,0,0,0
"Diamond Princess",2020-03-01,0,0,0,0,0,0
"Diamond Princess",2020-03-02,0,0,0,0,0,0
"Diamond Princess",2020-03-03,0,0,0,0,0,0
"Diamond Princess",2020-03-04,0,0,0,0,0,0
"Diamond Princess",2020-03-05,0,0,0,0,0,0
"Diamond Princess",2020-03-06,0,0,0,0,0,0
"Diamond Princess",2020-03-07,0,0,0,0,0,0
"Diamond Princess",2020-03-08,0,0,0,0,0,0
"Diamond Princess",2020-03-09,0,0,0,0,0,0
"Diamond Princess",2020-03-10,0,0,0,0,0,0
"Diamond Princess",2020-03-11,0,0,0,0,0,0
"Diamond Princess",2020-03-12,0,0,0,0,0,0
"Diamond Princess",2020-03-13,0,0,0,0,0,0
"Diamond Princess",2020-03-14,0,0,0,0,0,0
"Diamond Princess",2020-03-15,0,0,0,0,0,0
"Diamond Princess",2020-03-16,0,0,0,0,0,0
"Diamond Princess",2020-03-17,0,0,0,0,0,0
"Diamond Princess",2020-03-18,0,0,0,0,0,0
"Diamond Princess",2020-03-19,0,0,0,0,0,0
"Diamond Princess",2020-03-20,0,0,0,0,0,0
"Diamond Princess",2020-03-21,0,0,0,0,0,0
"Diamond Princess",2020-03-22,0,1,0,0,0,0
"Diamond Princess",2020-03-23,0,1,0,0,0,0
"Diamond Princess",2020-03-24,0,1,0,0,0,0
"Diamond Princess",2020-03-25,0,1,0,0,0,0
"Diamond Princess",2020-03-26,0,1,0,0,0,0
"Diamond Princess",2020-03-27,0,1,0,0,0,0
"Diamond Princess",2020-03-28,0,1,0,0,0,0
"Diamond Princess",2020-03-29,0,1,0,0,0,0
"Diamond Princess",2020-03-30,0,1,0,0,0,0
"Diamond Princess",2020-03-31,0,1,0,0,0,0
"Diamond Princess",2020-04-01,0,1,0,0,0,0
"Diamond Princess",2020-04-02,0,1,0,0,0,0
"Diamond Princess",2020-04-03,0,1,0,0,0,0
"Diamond Princess",2020-04-04,0,1,0,0,0,0
"Diamond Princess",2020-04-05,0,1,0,0,0,0
"Diamond Princess",2020-04-06,0,1,0,0,0,0
"Diamond Princess",2020-04-07,0,1,0,0,0,0
"Diamond Princess",2020-04-08,0,1,0,0,0,0
"Diamond Princess",2020-04-09,0,1,0,0,0,0
"Diamond Princess",2020-04-10,0,1,0,0,0,0
"Diamond Princess",2020-04-11,0,1,0,0,0,0
"Diamond Princess",2020-04-12,0,1,0,0,0,0
"Diamond Princess",2020-04-13,0,1,0,0,0,0
"Diamond Princess",2020-04-14,0,1,0,0,0,0
"Diamond Princess",2020-04-15,0,1,0,0,0,0
"Diamond Princess",2020-04-16,0,1,0,0,0,0
"Diamond Princess",2020-04-17,0,1,0,0,0,0
"Diamond Princess",2020-04-18,0,1,0,0,0,0
"Diamond Princess",2020-04-19,0,1,0,0,0,0
"Diamond Princess",2020-04-20,0,1,0,0,0,0
"Diamond Princess",2020-04-21,0,1,0,0,0,0
"Diamond Princess",2020-04-22,0,1,0,0,0,0
"Diamond Princess",2020-04-23,0,1,0,0,0,0
"Diamond Princess",2020-04-24,0,1,0,0,0,0
"Diamond Princess",2020-04-25,0,1,0,0,0,0
"Diamond Princess",2020-04-26,0,1,0,0,0,0
"Diamond Princess",2020-04-27,0,1,0,0,0,0
"Diamond Princess",2020-04-28,0,1,0,0,0,0
"Diamond Princess",2020-04-29,0,1,0,0,0,0
"Diamond Princess",2020-04-30,0,1,0,0,0,0
"Diamond Princess",2020-05-01,1,1,0,0,0,0
"Diamond Princess",2020-05-02,1,1,0,0,0,0
"Diamond Princess",2020-05-03,1,1,0,0,0,0
"Diamond Princess",2020-05-04,1,1,0,0,0,0
"Diamond Princess",2020-05-05,1,1,0,0,0,0
"Diamond Princess",2020-05-06,1,1,0,0,0,0
"Diamond Princess",2020-05-07,1,1,0,0,0,0
"Diamond Princess",2020-05-08,1,1,0,0,0,0
"Diamond Princess",2020-05-09,1,1,0,0,0,0
"Grand Princess",2020-01-22,0,0,0,0,0,0
"Grand Princess",2020-01-23,0,0,0,0,0,0
"Grand Princess",2020-01-24,0,0,0,0,0,0
"Grand Princess",2020-01-25,0,0,0,0,0,0
"Grand Princess",2020-01-26,0,0,0,0,0,0
"Grand Princess",2020-01-27,0,0,0,0,0,0
"Grand Princess",2020-01-28,0,0,0,0,0,0
"Grand Princess",2020-01-29,0,0,0,0,0,0
"Grand Princess",2020-01-30,0,0,0,0,0,0
"Grand Princess",2020-01-31,0,0,0,0,0,0
"Grand Princess",2020-02-01,0,0,0,0,0,0
"Grand Princess",2020-02-02,0,0,0,0,0,0
"Grand Princess",2020-02-03,0,0,0,0,0,0
"Grand Princess",2020-02-04,0,0,0,0,0,0
"Grand Princess",2020-02-05,0,0,0,0,0,0
"Grand Princess",2020-02-06,0,0,0,0,0,0
"Grand Princess",2020-02-07,0,0,0,0,0,0
"Grand Princess",2020-02-08,0,0,0,0,0,0
"Grand Princess",2020-02-09,0,0,0,0,0,0
"Grand Princess",2020-02-10,0,0,0,0,0,0
"Grand Princess",2020-02-11,0,0,0,0,0,0
"Grand Princess",2020-02-12,0,0,0,0,0,0
"Grand Princess",2020-02-13,0,0,0,0,0,0
"Grand Princess",2020-02-14,0,0,0,0,0,0
"Grand Princess",2020-02-15,0,0,0,0,0,0
"Grand Princess",2020-02-16,0,0,0,0,0,0
"Grand Princess",2020-02-17,0,0,0,0,0,0
"Grand Princess",2020-02-18,0,0,0,0,0,0
"Grand Princess",2020-02-19,0,0,0,0,0,0
"Grand Princess",2020-02-20,0,0,0,0,0,0
"Grand Princess",2020-02-21,0,0,0,0,0,0
"Grand Princess",2020-02-22,0,0,0,0,0,0
"Grand Princess",2020-02-23,0,0,0,0,0,0
"Grand Princess",2020-02-24,0,0,0,0,0,0
"Grand Princess",2020-02-25,0,0,0,0,0,0
"Grand Princess",2020-02-26,0,0,0,0,0,0
"Grand Princess",2020-02-27,0,0,0,0,0,0
"Grand Princess",2020-02-28,0,0,0,0,0,0
"Grand Princess",2020-02-29,0,0,0,0,0,0
"Grand Princess",2020-03-01,0,0,0,0,0,0
"Grand Princess",2020-03-02,0,0,0,0,0,0
"Grand Princess",2020-03-03,0,0,0,0,0,0
"Grand Princess",2020-03-04,0,0,0,0,0,0
"Grand Princess",2020-03-05,0,0,0,0,0,0
"Grand Princess",2020-03-06,0,0,0,0,0,0
"Grand Princess",2020-03-07,0,0,0,0,0,0
"Grand Princess",2020-03-08,0,0,0,0,0,0
"Grand Princess",2020-03-09,0,0,0,0,0,0
"Grand Princess",2020-03-10,0,0,0,0,0,0
"Grand Princess",2020-03-11,0,0,0,0,0,0
"Grand Princess",2020-03-12,0,0,0,0,0,0
"Grand Princess",2020-03-13,2,0,0,0,0,0
"Grand Princess",2020-03-14,2,0,0,0,0,0
"Grand Princess",2020-03-15,2,0,0,0,0,0
"Grand Princess",2020-03-16,2,0,0,0,0,0
"Grand Princess",2020-03-17,8,0,0,0,0,0
"Grand Princess",2020-03-18,9,0,0,0,0,0
"Grand Princess",2020-03-19,9,0,0,0,0,0
"Grand Princess",2020-03-20,10,0,0,0,0,0
"Grand Princess",2020-03-21,10,0,0,0,0,0
"Grand Princess",2020-03-22,13,0,0,0,0,0
"Grand Princess",2020-03-23,13,0,0,0,0,0
"Grand Princess",2020-03-24,13,0,0,0,0,0
"Grand Princess",2020-03-25,13,0,0,0,0,0
"Grand Princess",2020-03-26,13,0,0,0,0,0
"Grand Princess",2020-03-27,13,0,0,0,0,0
"Grand Princess",2020-03-28,13,0,0,0,0,0
"Grand Princess",2020-03-29,13,0,0,0,0,0
"Grand Princess",2020-03-30,13,0,0,0,0,0
"Grand Princess",2020-03-31,13,0,0,0,0,0
"Grand Princess",2020-04-01,13,0,0,0,0,0
"Grand Princess",2020-04-02,13,0,0,0,0,0
"Grand Princess",2020-04-03,13,0,0,0,0,0
"Grand Princess",2020-04-04,13,0,0,0,0,0
"Grand Princess",2020-04-05,13,0,0,0,0,0
"Grand Princess",2020-04-06,13,0,0,0,0,0
"Grand Princess",2020-04-07,13,0,0,0,0,0
"Grand Princess",2020-04-08,13,0,0,0,0,0
"Grand Princess",2020-04-09,13,0,0,0,0,0
"Grand Princess",2020-04-10,13,0,0,0,0,0
"Grand Princess",2020-04-11,13,0,0,0,0,0
"Grand Princess",2020-04-12,13,0,0,0,0,0
"Grand Princess",2020-04-13,13,0,0,0,0,0
"Grand Princess",2020-04-14,13,0,0,0,0,0
"Grand Princess",2020-04-15,13,0,0,0,0,0
"Grand Princess",2020-04-16,13,0,0,0,0,0
"Grand Princess",2020-04-17,13,0,0,0,0,0
"Grand Princess",2020-04-18,13,0,0,0,0,0
"Grand Princess",2020-04-19,13,0,0,0,0,0
"Grand Princess",2020-04-20,13,0,0,0,0,0
"Grand Princess",2020-04-21,13,0,0,0,0,0
"Grand Princess",2020-04-22,13,0,0,0,0,0
"Grand Princess",2020-04-23,13,0,0,0,0,0
"Grand Princess",2020-04-24,13,0,0,0,0,0
"Grand Princess",2020-04-25,13,0,0,0,0,0
"Grand Princess",2020-04-26,13,0,0,0,0,0
"Grand Princess",2020-04-27,13,0,0,0,0,0
"Grand Princess",2020-04-28,13,0,0,0,0,0
"Grand Princess",2020-04-29,13,0,0,0,0,0
"Grand Princess",2020-04-30,13,0,0,0,0,0
"Grand Princess",2020-05-01,13,0,0,0,0,0
"Grand Princess",2020-05-02,13,0,0,0,0,0
"Grand Princess",2020-05-03,13,0,0,0,0,0
"Grand Princess",2020-05-04,13,0,0,0,0,0
"Grand Princess",2020-05-05,13,0,0,0,0,0
"Grand Princess",2020-05-06,13,0,0,0,0,0
"Grand Princess",2020-05-07,13,0,0,0,0,0
"Grand Princess",2020-05-08,13,0,0,0,0,0
"Grand Princess",2020-05-09,13,0,0,0,0,0
"Manitoba",2019-12-31,0,0,0,0,0,0
"Manitoba",2020-01-01,0,0,0,0,0,0
"Manitoba",2020-01-02,0,0,0,0,0,0
"Manitoba",2020-01-03,0,0,0,0,0,0
"Manitoba",2020-01-04,0,0,0,0,0,0
"Manitoba",2020-01-05,0,0,0,0,0,0
"Manitoba",2020-01-06,0,0,0,0,0,0
"Manitoba",2020-01-07,0,0,0,0,0,0
"Manitoba",2020-01-08,0,0,0,0,0,0
"Manitoba",2020-01-09,0,0,0,0,0,0
"Manitoba",2020-01-10,0,0,0,0,0,0
"Manitoba",2020-01-11,0,0,0,0,0,0
"Manitoba",2020-01-12,0,0,0,0,0,0
"Manitoba",2020-01-13,0,0,0,0,0,0
"Manitoba",2020-01-14,0,0,0,0,0,0
"Manitoba",2020-01-15,0,0,0,0,0,0
"Manitoba",2020-01-16,0,0,0,0,0,0
"Manitoba",2020-01-17,0,0,0,0,0,0
"Manitoba",2020-01-18,0,0,0,0,0,0
"Manitoba",2020-01-19,0,0,0,0,0,0
"Manitoba",2020-01-20,0,0,0,0,0,0
"Manitoba",2020-01-21,0,0,0,0,0,0
"Manitoba",2020-01-22,0,0,0,0,0,0
"Manitoba",2020-01-23,0,0,0,0,0,0
"Manitoba",2020-01-24,0,0,0,0,0,0
"Manitoba",2020-01-25,0,0,0,0,0,0
"Manitoba",2020-01-26,0,0,0,0,0,0
"Manitoba",2020-01-27,0,0,0,0,0,0
"Manitoba",2020-01-28,0,0,0,0,0,0
"Manitoba",2020-01-29,0,0,0,0,0,0
"Manitoba",2020-01-30,0,0,0,0,0,0
"Manitoba",2020-01-31,0,0,0,0,0,0
"Manitoba",2020-02-01,0,0,0,0,0,0
"Manitoba",2020-02-02,0,0,0,0,0,0
"Manitoba",2020-02-03,0,0,0,0,0,0
"Manitoba",2020-02-04,0,0,0,0,0,0
"Manitoba",2020-02-05,0,0,0,0,0,0
"Manitoba",2020-02-06,0,0,0,0,0,0
"Manitoba",2020-02-07,0,0,0,0,0,0
"Manitoba",2020-02-08,0,0,0,0,0,0
"Manitoba",2020-02-09,0,0,0,0,0,0
"Manitoba",2020-02-10,0,0,0,0,0,0
"Manitoba",2020-02-11,0,0,0,0,0,0
"Manitoba",2020-02-12,0,0,0,0,0,0
"Manitoba",2020-02-13,0,0,0,0,0,0
"Manitoba",2020-02-14,0,0,0,0,0,0
"Manitoba",2020-02-15,0,0,0,0,0,0
"Manitoba",2020-02-16,0,0,0,0,0,0
"Manitoba",2020-02-17,0,0,0,0,0,0
"Manitoba",2020-02-18,0,0,0,0,0,0
"Manitoba",2020-02-19,0,0,0,0,0,0
"Manitoba",2020-02-20,0,0,0,0,0,0
"Manitoba",2020-02-21,0,0,0,0,0,0
"Manitoba",2020-02-22,0,0,0,0,0,0
"Manitoba",2020-02-23,0,0,0,0,0,0
"Manitoba",2020-02-24,0,0,0,0,0,0
"Manitoba",2020-02-25,0,0,0,0,0,0
"Manitoba",2020-02-26,0,0,0,0,0,0
"Manitoba",2020-02-27,0,0,0,0,0,0
"Manitoba",2020-02-28,0,0,0,0,0,0
"Manitoba",2020-02-29,0,0,0,0,0,0
"Manitoba",2020-03-01,0,0,0,0,0,0
"Manitoba",2020-03-02,0,0,0,0,0,0
"Manitoba",2020-03-03,0,0,0,0,0,0
"Manitoba",2020-03-04,0,0,0,0,0,0
"Manitoba",2020-03-05,0,0,0,0,0,0
"Manitoba",2020-03-06,0,0,0,0,0,0
"Manitoba",2020-03-07,0,0,0,0,0,0
"Manitoba",2020-03-08,0,0,0,0,0,0
"Manitoba",2020-03-09,0,0,0,0,0,0
"Manitoba",2020-03-10,0,0,0,0,0,0
"Manitoba",2020-03-11,0,0,0,0,0,0
"Manitoba",2020-03-12,0,0,0,1,0,1
"Manitoba",2020-03-13,4,0,1,2,0,3
"Manitoba",2020-03-14,4,0,1,3,0,4
"Manitoba",2020-03-15,4,0,4,3,0,4
"Manitoba",2020-03-16,7,0,4,3,0,7
"Manitoba",2020-03-17,8,0,7,3,0,7
"Manitoba",2020-03-18,15,0,8,7,0,15
"Manitoba",2020-03-19,17,0,17,7,0,17
"Manitoba",2020-03-20,17,0,17,7,0,17
"Manitoba",2020-03-21,18,0,17,8,0,19
"Manitoba",2020-03-22,20,0,17,8,0,19
"Manitoba",2020-03-23,20,0,17,9,0,20
"Manitoba",2020-03-24,21,0,17,10,0,21
"Manitoba",2020-03-25,35,0,17,24,0,35
"Manitoba",2020-03-26,36,0,17,25,0,36
"Manitoba",2020-03-27,39,1,25,25,1,39
"Manitoba",2020-03-28,64,1,25,39,1,64
"Manitoba",2020-03-29,72,1,69,39,1,72
"Manitoba",2020-03-30,96,1,83,39,1,96
"Manitoba",2020-03-31,103,1,91,39,1,103
"Manitoba",2020-04-01,127,1,109,39,1,127
"Manitoba",2020-04-02,167,1,152,39,1,167
"Manitoba",2020-04-03,182,2,164,39,2,182
"Manitoba",2020-04-04,182,2,172,39,2,194
"Manitoba",2020-04-05,203,2,187,39,2,203
"Manitoba",2020-04-06,203,2,190,39,2,204
"Manitoba",2020-04-07,217,3,203,39,3,217
"Manitoba",2020-04-08,217,3,206,39,3,221
"Manitoba",2020-04-09,221,3,207,39,3,224
"Manitoba",2020-04-10,230,3,215,39,4,230
"Manitoba",2020-04-11,243,4,226,39,4,243
"Manitoba",2020-04-12,242,4,226,39,4,243
"Manitoba",2020-04-13,246,4,229,39,4,246
"Manitoba",2020-04-14,246,4,229,39,4,246
"Manitoba",2020-04-15,246,5,231,39,5,246
"Manitoba",2020-04-16,250,5,239,39,5,250
"Manitoba",2020-04-17,250,5,239,39,5,250
"Manitoba",2020-04-18,253,5,243,39,5,253
"Manitoba",2020-04-19,254,5,245,39,5,253
"Manitoba",2020-04-20,254,6,246,39,6,254
"Manitoba",2020-04-21,255,6,246,39,6,255
"Manitoba",2020-04-22,257,6,246,39,6,257
"Manitoba",2020-04-23,262,6,251,39,6,262
"Manitoba",2020-04-24,263,6,252,39,6,263
"Manitoba",2020-04-25,267,6,256,39,6,267
"Manitoba",2020-04-26,271,6,260,39,6,271
"Manitoba",2020-04-27,273,6,261,39,6,272
"Manitoba",2020-04-28,273,6,261,39,6,272
"Manitoba",2020-04-29,275,6,263,39,6,273
"Manitoba",2020-04-30,277,6,275,39,6,275
"Manitoba",2020-05-01,281,6,279,39,6,279
"Manitoba",2020-05-02,282,6,280,39,6,280
"Manitoba",2020-05-03,282,6,281,39,6,281
"Manitoba",2020-05-04,283,6,281,39,6,281
"Manitoba",2020-05-05,284,7,282,39,7,282
"Manitoba",2020-05-06,286,7,284,39,7,284
"Manitoba",2020-05-07,283,7,284,39,7,284
"Manitoba",2020-05-08,284,7,284,39,7,284
"Manitoba",2020-05-09,284,7,284,39,7,284
"Manitoba",2020-05-10,0,0,287,39,7,287
"New Brunswick",2019-12-31,0,0,0,0,0,0
"New Brunswick",2020-01-01,0,0,0,0,0,0
"New Brunswick",2020-01-02,0,0,0,0,0,0
"New Brunswick",2020-01-03,0,0,0,0,0,0
"New Brunswick",2020-01-04,0,0,0,0,0,0
"New Brunswick",2020-01-05,0,0,0,0,0,0
"New Brunswick",2020-01-06,0,0,0,0,0,0
"New Brunswick",2020-01-07,0,0,0,0,0,0
"New Brunswick",2020-01-08,0,0,0,0,0,0
"New Brunswick",2020-01-09,0,0,0,0,0,0
"New Brunswick",2020-01-10,0,0,0,0,0,0
"New Brunswick",2020-01-11,0,0,0,0,0,0
"New Brunswick",2020-01-12,0,0,0,0,0,0
"New Brunswick",2020-01-13,0,0,0,0,0,0
"New Brunswick",2020-01-14,0,0,0,0,0,0
"New Brunswick",2020-01-15,0,0,0,0,0,0
"New Brunswick",2020-01-16,0,0,0,0,0,0
"New Brunswick",2020-01-17,0,0,0,0,0,0
"New Brunswick",2020-01-18,0,0,0,0,0,0
"New Brunswick",2020-01-19,0,0,0,0,0,0
"New Brunswick",2020-01-20,0,0,0,0,0,0
"New Brunswick",2020-01-21,0,0,0,0,0,0
"New Brunswick",2020-01-22,0,0,0,0,0,0
"New Brunswick",2020-01-23,0,0,0,0,0,0
"New Brunswick",2020-01-24,0,0,0,0,0,0
"New Brunswick",2020-01-25,0,0,0,0,0,0
"New Brunswick",2020-01-26,0,0,0,0,0,0
"New Brunswick",2020-01-27,0,0,0,0,0,0
"New Brunswick",2020-01-28,0,0,0,0,0,0
"New Brunswick",2020-01-29,0,0,0,0,0,0
"New Brunswick",2020-01-30,0,0,0,0,0,0
"New Brunswick",2020-01-31,0,0,0,0,0,0
"New Brunswick",2020-02-01,0,0,0,0,0,0
"New Brunswick",2020-02-02,0,0,0,0,0,0
"New Brunswick",2020-02-03,0,0,0,0,0,0
"New Brunswick",2020-02-04,0,0,0,0,0,0
"New Brunswick",2020-02-05,0,0,0,0,0,0
"New Brunswick",2020-02-06,0,0,0,0,0,0
"New Brunswick",2020-02-07,0,0,0,0,0,0
"New Brunswick",2020-02-08,0,0,0,0,0,0
"New Brunswick",2020-02-09,0,0,0,0,0,0
"New Brunswick",2020-02-10,0,0,0,0,0,0
"New Brunswick",2020-02-11,0,0,0,0,0,0
"New Brunswick",2020-02-12,0,0,0,0,0,0
"New Brunswick",2020-02-13,0,0,0,0,0,0
"New Brunswick",2020-02-14,0,0,0,0,0,0
"New Brunswick",2020-02-15,0,0,0,0,0,0
"New Brunswick",2020-02-16,0,0,0,0,0,0
"New Brunswick",2020-02-17,0,0,0,0,0,0
"New Brunswick",2020-02-18,0,0,0,0,0,0
"New Brunswick",2020-02-19,0,0,0,0,0,0
"New Brunswick",2020-02-20,0,0,0,0,0,0
"New Brunswick",2020-02-21,0,0,0,0,0,0
"New Brunswick",2020-02-22,0,0,0,0,0,0
"New Brunswick",2020-02-23,0,0,0,0,0,0
"New Brunswick",2020-02-24,0,0,0,0,0,0
"New Brunswick",2020-02-25,0,0,0,0,0,0
"New Brunswick",2020-02-26,0,0,0,0,0,0
"New Brunswick",2020-02-27,0,0,0,0,0,0
"New Brunswick",2020-02-28,0,0,0,0,0,0
"New Brunswick",2020-02-29,0,0,0,0,0,0
"New Brunswick",2020-03-01,0,0,0,0,0,0
"New Brunswick",2020-03-02,0,0,0,0,0,0
"New Brunswick",2020-03-03,0,0,0,0,0,0
"New Brunswick",2020-03-04,0,0,0,0,0,0
"New Brunswick",2020-03-05,0,0,0,0,0,0
"New Brunswick",2020-03-06,0,0,0,0,0,0
"New Brunswick",2020-03-07,0,0,0,0,0,0
"New Brunswick",2020-03-08,0,0,0,0,0,0
"New Brunswick",2020-03-09,0,0,0,0,0,0
"New Brunswick",2020-03-10,0,0,0,0,0,0
"New Brunswick",2020-03-11,1,0,0,0,0,0
"New Brunswick",2020-03-12,1,0,0,1,0,1
"New Brunswick",2020-03-13,1,0,1,1,0,1
"New Brunswick",2020-03-14,1,0,1,1,0,2
"New Brunswick",2020-03-15,2,0,1,1,0,2
"New Brunswick",2020-03-16,6,0,1,5,0,6
"New Brunswick",2020-03-17,8,0,2,5,0,7
"New Brunswick",2020-03-18,11,0,2,6,0,8
"New Brunswick",2020-03-19,11,0,7,6,0,11
"New Brunswick",2020-03-20,11,0,7,6,0,11
"New Brunswick",2020-03-21,17,0,9,8,0,17
"New Brunswick",2020-03-22,17,0,9,8,0,17
"New Brunswick",2020-03-23,17,0,9,8,0,17
"New Brunswick",2020-03-24,18,0,18,8,0,18
"New Brunswick",2020-03-25,18,0,26,8,0,26
"New Brunswick",2020-03-26,33,0,33,8,0,33
"New Brunswick",2020-03-27,45,0,45,8,0,45
"New Brunswick",2020-03-28,51,0,51,8,0,51
"New Brunswick",2020-03-29,66,0,66,8,0,66
"New Brunswick",2020-03-30,68,0,68,8,0,68
"New Brunswick",2020-03-31,70,0,70,8,0,70
"New Brunswick",2020-04-01,81,0,81,8,0,81
"New Brunswick",2020-04-02,91,0,91,8,0,91
"New Brunswick",2020-04-03,91,0,95,8,0,95
"New Brunswick",2020-04-04,91,0,98,8,0,98
"New Brunswick",2020-04-05,98,0,101,8,0,101
"New Brunswick",2020-04-06,103,0,103,8,0,103
"New Brunswick",2020-04-07,105,0,105,8,0,105
"New Brunswick",2020-04-08,105,0,108,8,0,108
"New Brunswick",2020-04-09,108,0,111,8,0,111
"New Brunswick",2020-04-10,112,0,112,8,0,112
"New Brunswick",2020-04-11,112,0,112,8,0,112
"New Brunswick",2020-04-12,114,0,114,8,0,114
"New Brunswick",2020-04-13,116,0,116,8,0,116
"New Brunswick",2020-04-14,116,0,116,8,0,116
"New Brunswick",2020-04-15,117,0,117,8,0,117
"New Brunswick",2020-04-16,117,0,117,8,0,117
"New Brunswick",2020-04-17,117,0,117,8,0,117
"New Brunswick",2020-04-18,117,0,118,8,0,118
"New Brunswick",2020-04-19,118,0,118,8,0,118
"New Brunswick",2020-04-20,118,0,118,8,0,118
"New Brunswick",2020-04-21,118,0,118,8,0,118
"New Brunswick",2020-04-22,118,0,118,8,0,118
"New Brunswick",2020-04-23,118,0,118,8,0,118
"New Brunswick",2020-04-24,118,0,118,8,0,118
"New Brunswick",2020-04-25,118,0,118,8,0,118
"New Brunswick",2020-04-26,118,0,118,8,0,118
"New Brunswick",2020-04-27,118,0,118,8,0,118
"New Brunswick",2020-04-28,118,0,118,8,0,118
"New Brunswick",2020-04-29,118,0,118,8,0,118
"New Brunswick",2020-04-30,118,0,118,8,0,118
"New Brunswick",2020-05-01,118,0,118,8,0,118
"New Brunswick",2020-05-02,118,0,118,8,0,118
"New Brunswick",2020-05-03,118,0,118,8,0,118
"New Brunswick",2020-05-04,118,0,118,8,0,118
"New Brunswick",2020-05-05,119,0,119,8,0,119
"New Brunswick",2020-05-06,120,0,120,8,0,120
"New Brunswick",2020-05-07,120,0,120,8,0,120
"New Brunswick",2020-05-08,120,0,120,8,0,120
"New Brunswick",2020-05-09,120,0,120,8,0,120
"New Brunswick",2020-05-10,0,0,120,8,0,120
"Newfoundland and Labrador",2019-12-31,0,0,0,0,0,0
"Newfoundland and Labrador",2020-01-01,0,0,0,0,0,0
"Newfoundland and Labrador",2020-01-02,0,0,0,0,0,0
"Newfoundland and Labrador",2020-01-03,0,0,0,0,0,0
"Newfoundland and Labrador",2020-01-04,0,0,0,0,0,0
"Newfoundland and Labrador",2020-01-05,0,0,0,0,0,0
"Newfoundland and Labrador",2020-01-06,0,0,0,0,0,0
"Newfoundland and Labrador",2020-01-07,0,0,0,0,0,0
"Newfoundland and Labrador",2020-01-08,0,0,0,0,0,0
"Newfoundland and Labrador",2020-01-09,0,0,0,0,0,0
"Newfoundland and Labrador",2020-01-10,0,0,0,0,0,0
"Newfoundland and Labrador",2020-01-11,0,0,0,0,0,0
"Newfoundland and Labrador",2020-01-12,0,0,0,0,0,0
"Newfoundland and Labrador",2020-01-13,0,0,0,0,0,0
"Newfoundland and Labrador",2020-01-14,0,0,0,0,0,0
"Newfoundland and Labrador",2020-01-15,0,0,0,0,0,0
"Newfoundland and Labrador",2020-01-16,0,0,0,0,0,0
"Newfoundland and Labrador",2020-01-17,0,0,0,0,0,0
"Newfoundland and Labrador",2020-01-18,0,0,0,0,0,0
"Newfoundland and Labrador",2020-01-19,0,0,0,0,0,0
"Newfoundland and Labrador",2020-01-20,0,0,0,0,0,0
"Newfoundland and Labrador",2020-01-21,0,0,0,0,0,0
"Newfoundland and Labrador",2020-01-22,0,0,0,0,0,0
"Newfoundland and Labrador",2020-01-23,0,0,0,0,0,0
"Newfoundland and Labrador",2020-01-24,0,0,0,0,0,0
"Newfoundland and Labrador",2020-01-25,0,0,0,0,0,0
"Newfoundland and Labrador",2020-01-26,0,0,0,0,0,0
"Newfoundland and Labrador",2020-01-27,0,0,0,0,0,0
"Newfoundland and Labrador",2020-01-28,0,0,0,0,0,0
"Newfoundland and Labrador",2020-01-29,0,0,0,0,0,0
"Newfoundland and Labrador",2020-01-30,0,0,0,0,0,0
"Newfoundland and Labrador",2020-01-31,0,0,0,0,0,0
"Newfoundland and Labrador",2020-02-01,0,0,0,0,0,0
"Newfoundland and Labrador",2020-02-02,0,0,0,0,0,0
"Newfoundland and Labrador",2020-02-03,0,0,0,0,0,0
"Newfoundland and Labrador",2020-02-04,0,0,0,0,0,0
"Newfoundland and Labrador",2020-02-05,0,0,0,0,0,0
"Newfoundland and Labrador",2020-02-06,0,0,0,0,0,0
"Newfoundland and Labrador",2020-02-07,0,0,0,0,0,0
"Newfoundland and Labrador",2020-02-08,0,0,0,0,0,0
"Newfoundland and Labrador",2020-02-09,0,0,0,0,0,0
"Newfoundland and Labrador",2020-02-10,0,0,0,0,0,0
"Newfoundland and Labrador",2020-02-11,0,0,0,0,0,0
"Newfoundland and Labrador",2020-02-12,0,0,0,0,0,0
"Newfoundland and Labrador",2020-02-13,0,0,0,0,0,0
"Newfoundland and Labrador",2020-02-14,0,0,0,0,0,0
"Newfoundland and Labrador",2020-02-15,0,0,0,0,0,0
"Newfoundland and Labrador",2020-02-16,0,0,0,0,0,0
"Newfoundland and Labrador",2020-02-17,0,0,0,0,0,0
"Newfoundland and Labrador",2020-02-18,0,0,0,0,0,0
"Newfoundland and Labrador",2020-02-19,0,0,0,0,0,0
"Newfoundland and Labrador",2020-02-20,0,0,0,0,0,0
"Newfoundland and Labrador",2020-02-21,0,0,0,0,0,0
"Newfoundland and Labrador",2020-02-22,0,0,0,0,0,0
"Newfoundland and Labrador",2020-02-23,0,0,0,0,0,0
"Newfoundland and Labrador",2020-02-24,0,0,0,0,0,0
"Newfoundland and Labrador",2020-02-25,0,0,0,0,0,0
"Newfoundland and Labrador",2020-02-26,0,0,0,0,0,0
"Newfoundland and Labrador",2020-02-27,0,0,0,0,0,0
"Newfoundland and Labrador",2020-02-28,0,0,0,0,0,0
"Newfoundland and Labrador",2020-02-29,0,0,0,0,0,0
"Newfoundland and Labrador",2020-03-01,0,0,0,0,0,0
"Newfoundland and Labrador",2020-03-02,0,0,0,0,0,0
"Newfoundland and Labrador",2020-03-03,0,0,0,0,0,0
"Newfoundland and Labrador",2020-03-04,0,0,0,0,0,0
"Newfoundland and Labrador",2020-03-05,0,0,0,0,0,0
"Newfoundland and Labrador",2020-03-06,0,0,0,0,0,0
"Newfoundland and Labrador",2020-03-07,0,0,0,0,0,0
"Newfoundland and Labrador",2020-03-08,0,0,0,0,0,0
"Newfoundland and Labrador",2020-03-09,0,0,0,0,0,0
"Newfoundland and Labrador",2020-03-10,0,0,0,0,0,0
"Newfoundland and Labrador",2020-03-11,0,0,0,0,0,0
"Newfoundland and Labrador",2020-03-12,0,0,0,0,0,0
"Newfoundland and Labrador",2020-03-13,0,0,0,0,0,0
"Newfoundland and Labrador",2020-03-14,0,0,0,0,0,0
"Newfoundland and Labrador",2020-03-15,1,0,0,1,0,1
"Newfoundland and Labrador",2020-03-16,1,0,0,1,0,1
"Newfoundland and Labrador",2020-03-17,3,0,0,1,0,1
"Newfoundland and Labrador",2020-03-18,3,0,0,3,0,3
"Newfoundland and Labrador",2020-03-19,3,0,1,3,0,3
"Newfoundland and Labrador",2020-03-20,4,0,3,3,0,4
"Newfoundland and Labrador",2020-03-21,6,0,3,3,0,6
"Newfoundland and Labrador",2020-03-22,9,0,3,6,0,9
"Newfoundland and Labrador",2020-03-23,24,0,4,20,0,24
"Newfoundland and Labrador",2020-03-24,35,0,4,31,0,35
"Newfoundland and Labrador",2020-03-25,35,0,67,31,0,67
"Newfoundland and Labrador",2020-03-26,82,0,82,31,0,82
"Newfoundland and Labrador",2020-03-27,102,0,102,31,0,102
"Newfoundland and Labrador",2020-03-28,120,0,120,31,0,120
"Newfoundland and Labrador",2020-03-29,135,0,135,31,0,135
"Newfoundland and Labrador",2020-03-30,148,1,148,31,1,148
"Newfoundland and Labrador",2020-03-31,152,1,152,31,1,152
"Newfoundland and Labrador",2020-04-01,175,1,175,31,1,175
"Newfoundland and Labrador",2020-04-02,183,1,183,31,1,183
"Newfoundland and Labrador",2020-04-03,195,1,183,31,1,183
"Newfoundland and Labrador",2020-04-04,195,1,195,31,1,195
"Newfoundland and Labrador",2020-04-05,217,1,217,31,1,217
"Newfoundland and Labrador",2020-04-06,226,1,226,31,2,226
"Newfoundland and Labrador",2020-04-07,228,1,228,31,2,228
"Newfoundland and Labrador",2020-04-08,228,1,232,31,2,232
"Newfoundland and Labrador",2020-04-09,232,2,236,31,3,236
"Newfoundland and Labrador",2020-04-10,239,3,239,31,3,239
"Newfoundland and Labrador",2020-04-11,241,3,241,31,3,241
"Newfoundland and Labrador",2020-04-12,242,3,242,31,3,242
"Newfoundland and Labrador",2020-04-13,244,3,244,31,3,244
"Newfoundland and Labrador",2020-04-14,244,3,244,31,3,244
"Newfoundland and Labrador",2020-04-15,247,3,247,31,3,247
"Newfoundland and Labrador",2020-04-16,252,3,252,31,3,252
"Newfoundland and Labrador",2020-04-17,256,3,256,31,3,256
"Newfoundland and Labrador",2020-04-18,257,3,257,31,3,257
"Newfoundland and Labrador",2020-04-19,257,3,257,31,3,257
"Newfoundland and Labrador",2020-04-20,257,3,257,31,3,257
"Newfoundland and Labrador",2020-04-21,257,3,257,31,3,257
"Newfoundland and Labrador",2020-04-22,256,3,257,31,3,257
"Newfoundland and Labrador",2020-04-23,256,3,257,31,3,257
"Newfoundland and Labrador",2020-04-24,256,3,257,31,3,257
"Newfoundland and Labrador",2020-04-25,257,3,257,31,3,257
"Newfoundland and Labrador",2020-04-26,258,3,258,31,3,258
"Newfoundland and Labrador",2020-04-27,258,3,258,31,3,258
"Newfoundland and Labrador",2020-04-28,258,3,258,31,3,258
"Newfoundland and Labrador",2020-04-29,258,3,258,31,3,258
"Newfoundland and Labrador",2020-04-30,258,3,258,31,3,258
"Newfoundland and Labrador",2020-05-01,259,3,259,31,3,259
"Newfoundland and Labrador",2020-05-02,259,3,259,31,3,259
"Newfoundland and Labrador",2020-05-03,259,3,259,31,3,259
"Newfoundland and Labrador",2020-05-04,259,3,259,31,3,259
"Newfoundland and Labrador",2020-05-05,259,3,259,31,3,259
"Newfoundland and Labrador",2020-05-06,259,3,259,31,3,259
"Newfoundland and Labrador",2020-05-07,261,3,261,31,3,261
"Newfoundland and Labrador",2020-05-08,261,3,261,31,3,261
"Newfoundland and Labrador",2020-05-09,261,3,261,31,3,261
"Newfoundland and Labrador",2020-05-10,0,0,261,31,3,261
"Northwest Territories",2019-12-31,0,0,0,0,0,0
"Northwest Territories",2020-01-01,0,0,0,0,0,0
"Northwest Territories",2020-01-02,0,0,0,0,0,0
"Northwest Territories",2020-01-03,0,0,0,0,0,0
"Northwest Territories",2020-01-04,0,0,0,0,0,0
"Northwest Territories",2020-01-05,0,0,0,0,0,0
"Northwest Territories",2020-01-06,0,0,0,0,0,0
"Northwest Territories",2020-01-07,0,0,0,0,0,0
"Northwest Territories",2020-01-08,0,0,0,0,0,0
"Northwest Territories",2020-01-09,0,0,0,0,0,0
"Northwest Territories",2020-01-10,0,0,0,0,0,0
"Northwest Territories",2020-01-11,0,0,0,0,0,0
"Northwest Territories",2020-01-12,0,0,0,0,0,0
"Northwest Territories",2020-01-13,0,0,0,0,0,0
"Northwest Territories",2020-01-14,0,0,0,0,0,0
"Northwest Territories",2020-01-15,0,0,0,0,0,0
"Northwest Territories",2020-01-16,0,0,0,0,0,0
"Northwest Territories",2020-01-17,0,0,0,0,0,0
"Northwest Territories",2020-01-18,0,0,0,0,0,0
"Northwest Territories",2020-01-19,0,0,0,0,0,0
"Northwest Territories",2020-01-20,0,0,0,0,0,0
"Northwest Territories",2020-01-21,0,0,0,0,0,0
"Northwest Territories",2020-01-22,0,0,0,0,0,0
"Northwest Territories",2020-01-23,0,0,0,0,0,0
"Northwest Territories",2020-01-24,0,0,0,0,0,0
"Northwest Territories",2020-01-25,0,0,0,0,0,0
"Northwest Territories",2020-01-26,0,0,0,0,0,0
"Northwest Territories",2020-01-27,0,0,0,0,0,0
"Northwest Territories",2020-01-28,0,0,0,0,0,0
"Northwest Territories",2020-01-29,0,0,0,0,0,0
"Northwest Territories",2020-01-30,0,0,0,0,0,0
"Northwest Territories",2020-01-31,0,0,0,0,0,0
"Northwest Territories",2020-02-01,0,0,0,0,0,0
"Northwest Territories",2020-02-02,0,0,0,0,0,0
"Northwest Territories",2020-02-03,0,0,0,0,0,0
"Northwest Territories",2020-02-04,0,0,0,0,0,0
"Northwest Territories",2020-02-05,0,0,0,0,0,0
"Northwest Territories",2020-02-06,0,0,0,0,0,0
"Northwest Territories",2020-02-07,0,0,0,0,0,0
"Northwest Territories",2020-02-08,0,0,0,0,0,0
"Northwest Territories",2020-02-09,0,0,0,0,0,0
"Northwest Territories",2020-02-10,0,0,0,0,0,0
"Northwest Territories",2020-02-11,0,0,0,0,0,0
"Northwest Territories",2020-02-12,0,0,0,0,0,0
"Northwest Territories",2020-02-13,0,0,0,0,0,0
"Northwest Territories",2020-02-14,0,0,0,0,0,0
"Northwest Territories",2020-02-15,0,0,0,0,0,0
"Northwest Territories",2020-02-16,0,0,0,0,0,0
"Northwest Territories",2020-02-17,0,0,0,0,0,0
"Northwest Territories",2020-02-18,0,0,0,0,0,0
"Northwest Territories",2020-02-19,0,0,0,0,0,0
"Northwest Territories",2020-02-20,0,0,0,0,0,0
"Northwest Territories",2020-02-21,0,0,0,0,0,0
"Northwest Territories",2020-02-22,0,0,0,0,0,0
"Northwest Territories",2020-02-23,0,0,0,0,0,0
"Northwest Territories",2020-02-24,0,0,0,0,0,0
"Northwest Territories",2020-02-25,0,0,0,0,0,0
"Northwest Territories",2020-02-26,0,0,0,0,0,0
"Northwest Territories",2020-02-27,0,0,0,0,0,0
"Northwest Territories",2020-02-28,0,0,0,0,0,0
"Northwest Territories",2020-02-29,0,0,0,0,0,0
"Northwest Territories",2020-03-01,0,0,0,0,0,0
"Northwest Territories",2020-03-02,0,0,0,0,0,0
"Northwest Territories",2020-03-03,0,0,0,0,0,0
"Northwest Territories",2020-03-04,0,0,0,0,0,0
"Northwest Territories",2020-03-05,0,0,0,0,0,0
"Northwest Territories",2020-03-06,0,0,0,0,0,0
"Northwest Territories",2020-03-07,0,0,0,0,0,0
"Northwest Territories",2020-03-08,0,0,0,0,0,0
"Northwest Territories",2020-03-09,0,0,0,0,0,0
"Northwest Territories",2020-03-10,0,0,0,0,0,0
"Northwest Territories",2020-03-11,0,0,0,0,0,0
"Northwest Territories",2020-03-12,0,0,0,0,0,0
"Northwest Territories",2020-03-13,0,0,0,0,0,0
"Northwest Territories",2020-03-14,0,0,0,0,0,0
"Northwest Territories",2020-03-15,0,0,0,0,0,0
"Northwest Territories",2020-03-16,0,0,0,0,0,0
"Northwest Territories",2020-03-17,0,0,0,0,0,0
"Northwest Territories",2020-03-18,0,0,0,0,0,0
"Northwest Territories",2020-03-19,0,0,0,0,0,0
"Northwest Territories",2020-03-20,0,0,0,0,0,0
"Northwest Territories",2020-03-21,0,0,1,0,0,1
"Northwest Territories",2020-03-22,0,0,1,0,0,1
"Northwest Territories",2020-03-23,0,0,1,0,0,1
"Northwest Territories",2020-03-24,0,0,1,0,0,1
"Northwest Territories",2020-03-25,0,0,1,0,0,1
"Northwest Territories",2020-03-26,1,0,1,0,0,1
"Northwest Territories",2020-03-27,1,0,1,0,0,1
"Northwest Territories",2020-03-28,1,0,1,0,0,1
"Northwest Territories",2020-03-29,1,0,1,0,0,1
"Northwest Territories",2020-03-30,1,0,1,0,0,1
"Northwest Territories",2020-03-31,1,0,1,0,0,1
"Northwest Territories",2020-04-01,2,0,2,0,0,2
"Northwest Territories",2020-04-02,2,0,2,0,0,2
"Northwest Territories",2020-04-03,2,0,4,0,0,4
"Northwest Territories",2020-04-04,4,0,4,0,0,4
"Northwest Territories",2020-04-05,4,0,4,0,0,4
"Northwest Territories",2020-04-06,5,0,5,0,0,5
"Northwest Territories",2020-04-07,5,0,5,0,0,5
"Northwest Territories",2020-04-08,5,0,5,0,0,5
"Northwest Territories",2020-04-09,5,0,5,0,0,5
"Northwest Territories",2020-04-10,5,0,5,0,0,5
"Northwest Territories",2020-04-11,5,0,5,0,0,5
"Northwest Territories",2020-04-12,5,0,5,0,0,5
"Northwest Territories",2020-04-13,5,0,5,0,0,5
"Northwest Territories",2020-04-14,5,0,5,0,0,5
"Northwest Territories",2020-04-15,5,0,5,0,0,5
"Northwest Territories",2020-04-16,5,0,5,0,0,5
"Northwest Territories",2020-04-17,5,0,5,0,0,5
"Northwest Territories",2020-04-18,5,0,5,0,0,5
"Northwest Territories",2020-04-19,5,0,5,0,0,5
"Northwest Territories",2020-04-20,5,0,5,0,0,5
"Northwest Territories",2020-04-21,5,0,5,0,0,5
"Northwest Territories",2020-04-22,5,0,5,0,0,5
"Northwest Territories",2020-04-23,5,0,5,0,0,5
"Northwest Territories",2020-04-24,5,0,5,0,0,5
"Northwest Territories",2020-04-25,5,0,5,0,0,5
"Northwest Territories",2020-04-26,5,0,5,0,0,5
"Northwest Territories",2020-04-27,5,0,5,0,0,5
"Northwest Territories",2020-04-28,5,0,5,0,0,5
"Northwest Territories",2020-04-29,5,0,5,0,0,5
"Northwest Territories",2020-04-30,5,0,5,0,0,5
"Northwest Territories",2020-05-01,5,0,5,0,0,5
"Northwest Territories",2020-05-02,5,0,5,0,0,5
"Northwest Territories",2020-05-03,5,0,5,0,0,5
"Northwest Territories",2020-05-04,5,0,5,0,0,5
"Northwest Territories",2020-05-05,5,0,5,0,0,5
"Northwest Territories",2020-05-06,5,0,5,0,0,5
"Northwest Territories",2020-05-07,5,0,5,0,0,5
"Northwest Territories",2020-05-08,5,0,5,0,0,5
"Northwest Territories",2020-05-09,5,0,5,0,0,5
"Northwest Territories",2020-05-10,0,0,5,0,0,5
"Nova Scotia",2019-12-31,0,0,0,0,0,0
"Nova Scotia",2020-01-01,0,0,0,0,0,0
"Nova Scotia",2020-01-02,0,0,0,0,0,0
"Nova Scotia",2020-01-03,0,0,0,0,0,0
"Nova Scotia",2020-01-04,0,0,0,0,0,0
"Nova Scotia",2020-01-05,0,0,0,0,0,0
"Nova Scotia",2020-01-06,0,0,0,0,0,0
"Nova Scotia",2020-01-07,0,0,0,0,0,0
"Nova Scotia",2020-01-08,0,0,0,0,0,0
"Nova Scotia",2020-01-09,0,0,0,0,0,0
"Nova Scotia",2020-01-10,0,0,0,0,0,0
"Nova Scotia",2020-01-11,0,0,0,0,0,0
"Nova Scotia",2020-01-12,0,0,0,0,0,0
"Nova Scotia",2020-01-13,0,0,0,0,0,0
"Nova Scotia",2020-01-14,0,0,0,0,0,0
"Nova Scotia",2020-01-15,0,0,0,0,0,0
"Nova Scotia",2020-01-16,0,0,0,0,0,0
"Nova Scotia",2020-01-17,0,0,0,0,0,0
"Nova Scotia",2020-01-18,0,0,0,0,0,0
"Nova Scotia",2020-01-19,0,0,0,0,0,0
"Nova Scotia",2020-01-20,0,0,0,0,0,0
"Nova Scotia",2020-01-21,0,0,0,0,0,0
"Nova Scotia",2020-01-22,0,0,0,0,0,0
"Nova Scotia",2020-01-23,0,0,0,0,0,0
"Nova Scotia",2020-01-24,0,0,0,0,0,0
"Nova Scotia",2020-01-25,0,0,0,0,0,0
"Nova Scotia",2020-01-26,0,0,0,0,0,0
"Nova Scotia",2020-01-27,0,0,0,0,0,0
"Nova Scotia",2020-01-28,0,0,0,0,0,0
"Nova Scotia",2020-01-29,0,0,0,0,0,0
"Nova Scotia",2020-01-30,0,0,0,0,0,0
"Nova Scotia",2020-01-31,0,0,0,0,0,0
"Nova Scotia",2020-02-01,0,0,0,0,0,0
"Nova Scotia",2020-02-02,0,0,0,0,0,0
"Nova Scotia",2020-02-03,0,0,0,0,0,0
"Nova Scotia",2020-02-04,0,0,0,0,0,0
"Nova Scotia",2020-02-05,0,0,0,0,0,0
"Nova Scotia",2020-02-06,0,0,0,0,0,0
"Nova Scotia",2020-02-07,0,0,0,0,0,0
"Nova Scotia",2020-02-08,0,0,0,0,0,0
"Nova Scotia",2020-02-09,0,0,0,0,0,0
"Nova Scotia",2020-02-10,0,0,0,0,0,0
"Nova Scotia",2020-02-11,0,0,0,0,0,0
"Nova Scotia",2020-02-12,0,0,0,0,0,0
"Nova Scotia",2020-02-13,0,0,0,0,0,0
"Nova Scotia",2020-02-14,0,0,0,0,0,0
"Nova Scotia",2020-02-15,0,0,0,0,0,0
"Nova Scotia",2020-02-16,0,0,0,0,0,0
"Nova Scotia",2020-02-17,0,0,0,0,0,0
"Nova Scotia",2020-02-18,0,0,0,0,0,0
"Nova Scotia",2020-02-19,0,0,0,0,0,0
"Nova Scotia",2020-02-20,0,0,0,0,0,0
"Nova Scotia",2020-02-21,0,0,0,0,0,0
"Nova Scotia",2020-02-22,0,0,0,0,0,0
"Nova Scotia",2020-02-23,0,0,0,0,0,0
"Nova Scotia",2020-02-24,0,0,0,0,0,0
"Nova Scotia",2020-02-25,0,0,0,0,0,0
"Nova Scotia",2020-02-26,0,0,0,0,0,0
"Nova Scotia",2020-02-27,0,0,0,0,0,0
"Nova Scotia",2020-02-28,0,0,0,0,0,0
"Nova Scotia",2020-02-29,0,0,0,0,0,0
"Nova Scotia",2020-03-01,0,0,0,0,0,0
"Nova Scotia",2020-03-02,0,0,0,0,0,0
"Nova Scotia",2020-03-03,0,0,0,0,0,0
"Nova Scotia",2020-03-04,0,0,0,0,0,0
"Nova Scotia",2020-03-05,0,0,0,0,0,0
"Nova Scotia",2020-03-06,0,0,0,0,0,0
"Nova Scotia",2020-03-07,0,0,0,0,0,0
"Nova Scotia",2020-03-08,0,0,0,0,0,0
"Nova Scotia",2020-03-09,0,0,0,0,0,0
"Nova Scotia",2020-03-10,0,0,0,0,0,0
"Nova Scotia",2020-03-11,0,0,0,0,0,0
"Nova Scotia",2020-03-12,0,0,0,0,0,0
"Nova Scotia",2020-03-13,0,0,0,0,0,0
"Nova Scotia",2020-03-14,0,0,0,0,0,0
"Nova Scotia",2020-03-15,0,0,0,0,0,0
"Nova Scotia",2020-03-16,5,0,0,3,0,3
"Nova Scotia",2020-03-17,7,0,0,5,0,5
"Nova Scotia",2020-03-18,12,0,1,6,0,7
"Nova Scotia",2020-03-19,14,0,5,9,0,14
"Nova Scotia",2020-03-20,15,0,5,10,0,15
"Nova Scotia",2020-03-21,21,0,9,12,0,21
"Nova Scotia",2020-03-22,28,0,28,12,0,28
"Nova Scotia",2020-03-23,41,0,41,12,0,41
"Nova Scotia",2020-03-24,51,0,51,12,0,51
"Nova Scotia",2020-03-25,68,0,68,12,0,68
"Nova Scotia",2020-03-26,73,0,73,12,0,73
"Nova Scotia",2020-03-27,90,0,90,12,0,90
"Nova Scotia",2020-03-28,110,0,110,12,0,110
"Nova Scotia",2020-03-29,122,0,122,12,0,122
"Nova Scotia",2020-03-30,127,0,127,12,0,127
"Nova Scotia",2020-03-31,147,0,147,12,0,147
"Nova Scotia",2020-04-01,173,0,173,12,0,173
"Nova Scotia",2020-04-02,193,0,193,12,0,193
"Nova Scotia",2020-04-03,207,0,207,12,0,207
"Nova Scotia",2020-04-04,236,0,236,12,0,236
"Nova Scotia",2020-04-05,262,0,262,12,0,262
"Nova Scotia",2020-04-06,293,0,293,12,0,293
"Nova Scotia",2020-04-07,310,1,310,12,0,310
"Nova Scotia",2020-04-08,310,1,342,12,1,342
"Nova Scotia",2020-04-09,342,1,373,12,2,373
"Nova Scotia",2020-04-10,407,2,407,12,2,407
"Nova Scotia",2020-04-11,428,2,428,12,2,428
"Nova Scotia",2020-04-12,445,2,445,12,2,445
"Nova Scotia",2020-04-13,474,3,474,12,3,474
"Nova Scotia",2020-04-14,517,3,517,12,3,517
"Nova Scotia",2020-04-15,549,3,549,12,3,549
"Nova Scotia",2020-04-16,579,3,579,12,3,579
"Nova Scotia",2020-04-17,606,4,606,12,4,606
"Nova Scotia",2020-04-18,649,7,649,12,7,649
"Nova Scotia",2020-04-19,675,9,675,12,9,675
"Nova Scotia",2020-04-20,721,9,721,12,9,721
"Nova Scotia",2020-04-21,737,10,737,12,10,737
"Nova Scotia",2020-04-22,772,12,772,12,12,772
"Nova Scotia",2020-04-23,827,16,827,12,16,827
"Nova Scotia",2020-04-24,850,16,850,12,16,850
"Nova Scotia",2020-04-25,865,22,865,12,22,865
"Nova Scotia",2020-04-26,873,24,873,12,24,873
"Nova Scotia",2020-04-27,900,24,900,12,24,900
"Nova Scotia",2020-04-28,915,27,915,12,27,915
"Nova Scotia",2020-04-29,935,28,935,12,28,935
"Nova Scotia",2020-04-30,947,28,947,12,28,947
"Nova Scotia",2020-05-01,959,29,959,12,29,959
"Nova Scotia",2020-05-02,963,31,963,12,31,963
"Nova Scotia",2020-05-03,971,37,971,12,37,971
"Nova Scotia",2020-05-04,985,38,985,12,38,985
"Nova Scotia",2020-05-05,991,41,991,12,41,991
"Nova Scotia",2020-05-06,998,41,998,12,41,998
"Nova Scotia",2020-05-07,1007,44,1007,12,44,1007
"Nova Scotia",2020-05-08,1008,46,1008,12,46,1008
"Nova Scotia",2020-05-09,1011,47,1011,12,47,1011
"Nova Scotia",2020-05-10,0,0,1018,12,47,1018
"Nunavut",2019-12-31,0,0,0,0,0,0
"Nunavut",2020-01-01,0,0,0,0,0,0
"Nunavut",2020-01-02,0,0,0,0,0,0
"Nunavut",2020-01-03,0,0,0,0,0,0
"Nunavut",2020-01-04,0,0,0,0,0,0
"Nunavut",2020-01-05,0,0,0,0,0,0
"Nunavut",2020-01-06,0,0,0,0,0,0
"Nunavut",2020-01-07,0,0,0,0,0,0
"Nunavut",2020-01-08,0,0,0,0,0,0
"Nunavut",2020-01-09,0,0,0,0,0,0
"Nunavut",2020-01-10,0,0,0,0,0,0
"Nunavut",2020-01-11,0,0,0,0,0,0
"Nunavut",2020-01-12,0,0,0,0,0,0
"Nunavut",2020-01-13,0,0,0,0,0,0
"Nunavut",2020-01-14,0,0,0,0,0,0
"Nunavut",2020-01-15,0,0,0,0,0,0
"Nunavut",2020-01-16,0,0,0,0,0,0
"Nunavut",2020-01-17,0,0,0,0,0,0
"Nunavut",2020-01-18,0,0,0,0,0,0
"Nunavut",2020-01-19,0,0,0,0,0,0
"Nunavut",2020-01-20,0,0,0,0,0,0
"Nunavut",2020-01-21,0,0,0,0,0,0
"Nunavut",2020-01-22,0,0,0,0,0,0
"Nunavut",2020-01-23,0,0,0,0,0,0
"Nunavut",2020-01-24,0,0,0,0,0,0
"Nunavut",2020-01-25,0,0,0,0,0,0
"Nunavut",2020-01-26,0,0,0,0,0,0
"Nunavut",2020-01-27,0,0,0,0,0,0
"Nunavut",2020-01-28,0,0,0,0,0,0
"Nunavut",2020-01-29,0,0,0,0,0,0
"Nunavut",2020-01-30,0,0,0,0,0,0
"Nunavut",2020-01-31,0,0,0,0,0,0
"Nunavut",2020-02-01,0,0,0,0,0,0
"Nunavut",2020-02-02,0,0,0,0,0,0
"Nunavut",2020-02-03,0,0,0,0,0,0
"Nunavut",2020-02-04,0,0,0,0,0,0
"Nunavut",2020-02-05,0,0,0,0,0,0
"Nunavut",2020-02-06,0,0,0,0,0,0
"Nunavut",2020-02-07,0,0,0,0,0,0
"Nunavut",2020-02-08,0,0,0,0,0,0
"Nunavut",2020-02-09,0,0,0,0,0,0
"Nunavut",2020-02-10,0,0,0,0,0,0
"Nunavut",2020-02-11,0,0,0,0,0,0
"Nunavut",2020-02-12,0,0,0,0,0,0
"Nunavut",2020-02-13,0,0,0,0,0,0
"Nunavut",2020-02-14,0,0,0,0,0,0
"Nunavut",2020-02-15,0,0,0,0,0,0
"Nunavut",2020-02-16,0,0,0,0,0,0
"Nunavut",2020-02-17,0,0,0,0,0,0
"Nunavut",2020-02-18,0,0,0,0,0,0
"Nunavut",2020-02-19,0,0,0,0,0,0
"Nunavut",2020-02-20,0,0,0,0,0,0
"Nunavut",2020-02-21,0,0,0,0,0,0
"Nunavut",2020-02-22,0,0,0,0,0,0
"Nunavut",2020-02-23,0,0,0,0,0,0
"Nunavut",2020-02-24,0,0,0,0,0,0
"Nunavut",2020-02-25,0,0,0,0,0,0
"Nunavut",2020-02-26,0,0,0,0,0,0
"Nunavut",2020-02-27,0,0,0,0,0,0
"Nunavut",2020-02-28,0,0,0,0,0,0
"Nunavut",2020-02-29,0,0,0,0,0,0
"Nunavut",2020-03-01,0,0,0,0,0,0
"Nunavut",2020-03-02,0,0,0,0,0,0
"Nunavut",2020-03-03,0,0,0,0,0,0
"Nunavut",2020-03-04,0,0,0,0,0,0
"Nunavut",2020-03-05,0,0,0,0,0,0
"Nunavut",2020-03-06,0,0,0,0,0,0
"Nunavut",2020-03-07,0,0,0,0,0,0
"Nunavut",2020-03-08,0,0,0,0,0,0
"Nunavut",2020-03-09,0,0,0,0,0,0
"Nunavut",2020-03-10,0,0,0,0,0,0
"Nunavut",2020-03-11,0,0,0,0,0,0
"Nunavut",2020-03-12,0,0,0,0,0,0
"Nunavut",2020-03-13,0,0,0,0,0,0
"Nunavut",2020-03-14,0,0,0,0,0,0
"Nunavut",2020-03-15,0,0,0,0,0,0
"Nunavut",2020-03-16,0,0,0,0,0,0
"Nunavut",2020-03-17,0,0,0,0,0,0
"Nunavut",2020-03-18,0,0,0,0,0,0
"Nunavut",2020-03-19,0,0,0,0,0,0
"Nunavut",2020-03-20,0,0,0,0,0,0
"Nunavut",2020-03-21,0,0,0,0,0,0
"Nunavut",2020-03-22,0,0,0,0,0,0
"Nunavut",2020-03-23,0,0,0,0,0,0
"Nunavut",2020-03-24,0,0,0,0,0,0
"Nunavut",2020-03-25,0,0,0,0,0,0
"Nunavut",2020-03-26,0,0,0,0,0,0
"Nunavut",2020-03-27,0,0,0,0,0,0
"Nunavut",2020-03-28,0,0,0,0,0,0
"Nunavut",2020-03-29,0,0,0,0,0,0
"Nunavut",2020-03-30,0,0,0,0,0,0
"Nunavut",2020-03-31,0,0,0,0,0,0
"Nunavut",2020-04-01,0,0,0,0,0,0
"Nunavut",2020-04-02,0,0,0,0,0,0
"Nunavut",2020-04-03,0,0,0,0,0,0
"Nunavut",2020-04-04,0,0,0,0,0,0
"Nunavut",2020-04-05,0,0,0,0,0,0
"Nunavut",2020-04-06,0,0,0,0,0,0
"Nunavut",2020-04-07,0,0,0,0,0,0
"Nunavut",2020-04-08,0,0,0,0,0,0
"Nunavut",2020-04-09,0,0,0,0,0,0
"Nunavut",2020-04-10,0,0,0,0,0,0
"Nunavut",2020-04-11,0,0,0,0,0,0
"Nunavut",2020-04-12,0,0,0,0,0,0
"Nunavut",2020-04-13,0,0,0,0,0,0
"Nunavut",2020-04-14,0,0,0,0,0,0
"Nunavut",2020-04-15,0,0,0,0,0,0
"Nunavut",2020-04-16,0,0,0,0,0,0
"Nunavut",2020-04-17,0,0,0,0,0,0
"Nunavut",2020-04-18,0,0,0,0,0,0
"Nunavut",2020-04-19,0,0,0,0,0,0
"Nunavut",2020-04-20,0,0,0,0,0,0
"Nunavut",2020-04-21,0,0,0,0,0,0
"Nunavut",2020-04-22,0,0,0,0,0,0
"Nunavut",2020-04-23,0,0,0,0,0,0
"Nunavut",2020-04-24,0,0,0,0,0,0
"Nunavut",2020-04-25,0,0,0,0,0,0
"Nunavut",2020-04-26,0,0,0,0,0,0
"Nunavut",2020-04-27,0,0,0,0,0,0
"Nunavut",2020-04-28,0,0,0,0,0,0
"Nunavut",2020-04-29,0,0,0,0,0,0
"Nunavut",2020-04-30,0,0,0,0,0,0
"Nunavut",2020-05-01,0,0,0,0,0,0
"Nunavut",2020-05-02,0,0,0,0,0,0
"Nunavut",2020-05-03,0,0,0,0,0,0
"Nunavut",2020-05-04,0,0,0,0,0,0
"Nunavut",2020-05-05,0,0,0,0,0,0
"Nunavut",2020-05-06,0,0,0,0,0,0
"Nunavut",2020-05-07,0,0,0,0,0,0
"Nunavut",2020-05-08,0,0,0,0,0,0
"Nunavut",2020-05-09,0,0,0,0,0,0
"Nunavut",2020-05-10,0,0,0,0,0,0
"Ontario",2019-12-31,0,0,0,0,0,0
"Ontario",2020-01-01,0,0,0,0,0,0
"Ontario",2020-01-02,0,0,0,0,0,0
"Ontario",2020-01-03,0,0,0,0,0,0
"Ontario",2020-01-04,0,0,0,0,0,0
"Ontario",2020-01-05,0,0,0,0,0,0
"Ontario",2020-01-06,0,0,0,0,0,0
"Ontario",2020-01-07,0,0,0,0,0,0
"Ontario",2020-01-08,0,0,0,0,0,0
"Ontario",2020-01-09,0,0,0,0,0,0
"Ontario",2020-01-10,0,0,0,0,0,0
"Ontario",2020-01-11,0,0,0,0,0,0
"Ontario",2020-01-12,0,0,0,0,0,0
"Ontario",2020-01-13,0,0,0,0,0,0
"Ontario",2020-01-14,0,0,0,0,0,0
"Ontario",2020-01-15,0,0,0,0,0,0
"Ontario",2020-01-16,0,0,0,0,0,0
"Ontario",2020-01-17,0,0,0,0,0,0
"Ontario",2020-01-18,0,0,0,0,0,0
"Ontario",2020-01-19,0,0,0,0,0,0
"Ontario",2020-01-20,0,0,0,0,0,0
"Ontario",2020-01-21,0,0,0,0,0,0
"Ontario",2020-01-22,0,0,0,0,0,0
"Ontario",2020-01-23,0,0,0,0,0,0
"Ontario",2020-01-24,0,0,0,0,0,0
"Ontario",2020-01-25,0,0,0,0,0,0
"Ontario",2020-01-26,1,0,0,0,0,0
"Ontario",2020-01-27,1,0,0,0,0,0
"Ontario",2020-01-28,1,0,0,0,0,0
"Ontario",2020-01-29,1,0,0,0,0,0
"Ontario",2020-01-30,1,0,0,0,0,0
"Ontario",2020-01-31,3,0,3,0,0,3
"Ontario",2020-02-01,3,0,3,0,0,3
"Ontario",2020-02-02,3,0,3,0,0,3
"Ontario",2020-02-03,3,0,3,0,0,3
"Ontario",2020-02-04,3,0,3,0,0,3
"Ontario",2020-02-05,3,0,3,0,0,3
"Ontario",2020-02-06,3,0,3,0,0,3
"Ontario",2020-02-07,3,0,3,0,0,3
"Ontario",2020-02-08,3,0,3,0,0,3
"Ontario",2020-02-09,3,0,3,0,0,3
"Ontario",2020-02-10,3,0,3,0,0,3
"Ontario",2020-02-11,3,0,3,0,0,3
"Ontario",2020-02-12,3,0,3,0,0,3
"Ontario",2020-02-13,3,0,3,0,0,3
"Ontario",2020-02-14,3,0,3,0,0,3
"Ontario",2020-02-15,3,0,3,0,0,3
"Ontario",2020-02-16,3,0,3,0,0,3
"Ontario",2020-02-17,3,0,3,0,0,3
"Ontario",2020-02-18,3,0,3,0,0,3
"Ontario",2020-02-19,3,0,3,0,0,3
"Ontario",2020-02-20,3,0,3,0,0,3
"Ontario",2020-02-21,3,0,3,0,0,3
"Ontario",2020-02-22,3,0,3,0,0,3
"Ontario",2020-02-23,3,0,3,0,0,3
"Ontario",2020-02-24,4,0,4,0,0,4
"Ontario",2020-02-25,4,0,4,0,0,4
"Ontario",2020-02-26,4,0,5,0,0,5
"Ontario",2020-02-27,6,0,6,0,0,6
"Ontario",2020-02-28,6,0,6,0,0,6
"Ontario",2020-02-29,11,0,8,0,0,8
"Ontario",2020-03-01,15,0,15,0,0,15
"Ontario",2020-03-02,18,0,15,0,0,15
"Ontario",2020-03-03,20,0,20,0,0,20
"Ontario",2020-03-04,20,0,20,0,0,20
"Ontario",2020-03-05,22,0,22,0,0,22
"Ontario",2020-03-06,25,0,28,0,0,28
"Ontario",2020-03-07,28,0,28,0,0,28
"Ontario",2020-03-08,29,0,31,0,0,31
"Ontario",2020-03-09,34,0,34,0,0,34
"Ontario",2020-03-10,36,0,34,0,0,34
"Ontario",2020-03-11,41,0,42,0,0,42
"Ontario",2020-03-12,42,0,59,0,0,59
"Ontario",2020-03-13,74,0,79,0,0,79
"Ontario",2020-03-14,79,0,79,0,0,79
"Ontario",2020-03-15,104,0,103,0,0,103
"Ontario",2020-03-16,177,0,145,0,0,145
"Ontario",2020-03-17,185,1,177,0,0,177
"Ontario",2020-03-18,221,1,189,0,0,189
"Ontario",2020-03-19,257,1,258,0,0,258
"Ontario",2020-03-20,308,2,311,0,2,311
"Ontario",2020-03-21,377,3,377,0,3,377
"Ontario",2020-03-22,425,5,425,0,5,425
"Ontario",2020-03-23,503,6,503,0,6,503
"Ontario",2020-03-24,588,7,588,0,8,588
"Ontario",2020-03-25,688,8,688,0,13,688
"Ontario",2020-03-26,858,13,858,0,15,858
"Ontario",2020-03-27,994,18,993,0,18,993
"Ontario",2020-03-28,1144,18,993,0,18,993
"Ontario",2020-03-29,1355,21,1355,0,19,1355
"Ontario",2020-03-30,1706,31,1706,0,33,1706
"Ontario",2020-03-31,1966,33,1966,0,33,1966
"Ontario",2020-04-01,2392,37,2392,0,37,2392
"Ontario",2020-04-02,2793,53,2793,0,53,2793
"Ontario",2020-04-03,3255,67,3255,0,67,3255
"Ontario",2020-04-04,3630,94,3630,0,94,3630
"Ontario",2020-04-05,4354,119,4038,0,119,4038
"Ontario",2020-04-06,4347,150,4347,0,132,4347
"Ontario",2020-04-07,4726,153,4726,0,153,4726
"Ontario",2020-04-08,5276,153,5276,0,174,5276
"Ontario",2020-04-09,5759,200,5759,0,200,5759
"Ontario",2020-04-10,6237,222,6237,0,222,6237
"Ontario",2020-04-11,6648,253,6648,0,253,6648
"Ontario",2020-04-12,7049,274,7049,0,274,7049
"Ontario",2020-04-13,7470,291,7470,0,291,7470
"Ontario",2020-04-14,7953,334,7953,0,334,7953
"Ontario",2020-04-15,8447,385,8447,0,385,8447
"Ontario",2020-04-16,9840,490,8961,0,423,8961
"Ontario",2020-04-17,10456,524,9525,0,478,9525
"Ontario",2020-04-18,11013,564,10010,0,514,10010
"Ontario",2020-04-19,11561,591,10578,0,553,10578
"Ontario",2020-04-20,12063,624,11184,0,584,11184
"Ontario",2020-04-21,12715,694,11735,0,622,11735
"Ontario",2020-04-22,13718,762,12245,0,659,12245
"Ontario",2020-04-23,14068,806,12879,0,713,12879
"Ontario",2020-04-24,14550,862,13519,0,763,13519
"Ontario",2020-04-25,15012,916,13995,0,811,13995
"Ontario",2020-04-26,15568,960,14432,0,835,14432
"Ontario",2020-04-27,15970,1023,14856,0,892,14856
"Ontario",2020-04-28,16500,1072,15381,0,951,15381
"Ontario",2020-04-29,16978,1153,15728,0,996,15728
"Ontario",2020-04-30,17395,1205,16187,0,1082,16187
"Ontario",2020-05-01,17880,1265,16608,0,1121,16608
"Ontario",2020-05-02,18321,1292,17119,0,1176,17119
"Ontario",2020-05-03,18574,1326,17553,0,1216,17553
"Ontario",2020-05-04,19097,1446,17923,0,1300,17923
"Ontario",2020-05-05,19468,1505,18310,0,1361,18310
"Ontario",2020-05-06,19910,1560,18722,0,1429,18722
"Ontario",2020-05-07,20388,1607,19121,0,1477,19121
"Ontario",2020-05-08,20826,1665,19598,0,1540,19598
"Ontario",2020-05-09,21148,1726,19944,0,1599,19944
"Ontario",2020-05-10,0,0,20238,0,1634,20238
"Prince Edward Island",2019-12-31,0,0,0,0,0,0
"Prince Edward Island",2020-01-01,0,0,0,0,0,0
"Prince Edward Island",2020-01-02,0,0,0,0,0,0
"Prince Edward Island",2020-01-03,0,0,0,0,0,0
"Prince Edward Island",2020-01-04,0,0,0,0,0,0
"Prince Edward Island",2020-01-05,0,0,0,0,0,0
"Prince Edward Island",2020-01-06,0,0,0,0,0,0
"Prince Edward Island",2020-01-07,0,0,0,0,0,0
"Prince Edward Island",2020-01-08,0,0,0,0,0,0
"Prince Edward Island",2020-01-09,0,0,0,0,0,0
"Prince Edward Island",2020-01-10,0,0,0,0,0,0
"Prince Edward Island",2020-01-11,0,0,0,0,0,0
"Prince Edward Island",2020-01-12,0,0,0,0,0,0
"Prince Edward Island",2020-01-13,0,0,0,0,0,0
"Prince Edward Island",2020-01-14,0,0,0,0,0,0
"Prince Edward Island",2020-01-15,0,0,0,0,0,0
"Prince Edward Island",2020-01-16,0,0,0,0,0,0
"Prince Edward Island",2020-01-17,0,0,0,0,0,0
"Prince Edward Island",2020-01-18,0,0,0,0,0,0
"Prince Edward Island",2020-01-19,0,0,0,0,0,0
"Prince Edward Island",2020-01-20,0,0,0,0,0,0
"Prince Edward Island",2020-01-21,0,0,0,0,0,0
"Prince Edward Island",2020-01-22,0,0,0,0,0,0
"Prince Edward Island",2020-01-23,0,0,0,0,0,0
"Prince Edward Island",2020-01-24,0,0,0,0,0,0
"Prince Edward Island",2020-01-25,0,0,0,0,0,0
"Prince Edward Island",2020-01-26,0,0,0,0,0,0
"Prince Edward Island",2020-01-27,0,0,0,0,0,0
"Prince Edward Island",2020-01-28,0,0,0,0,0,0
"Prince Edward Island",2020-01-29,0,0,0,0,0,0
"Prince Edward Island",2020-01-30,0,0,0,0,0,0
"Prince Edward Island",2020-01-31,0,0,0,0,0,0
"Prince Edward Island",2020-02-01,0,0,0,0,0,0
"Prince Edward Island",2020-02-02,0,0,0,0,0,0
"Prince Edward Island",2020-02-03,0,0,0,0,0,0
"Prince Edward Island",2020-02-04,0,0,0,0,0,0
"Prince Edward Island",2020-02-05,0,0,0,0,0,0
"Prince Edward Island",2020-02-06,0,0,0,0,0,0
"Prince Edward Island",2020-02-07,0,0,0,0,0,0
"Prince Edward Island",2020-02-08,0,0,0,0,0,0
"Prince Edward Island",2020-02-09,0,0,0,0,0,0
"Prince Edward Island",2020-02-10,0,0,0,0,0,0
"Prince Edward Island",2020-02-11,0,0,0,0,0,0
"Prince Edward Island",2020-02-12,0,0,0,0,0,0
"Prince Edward Island",2020-02-13,0,0,0,0,0,0
"Prince Edward Island",2020-02-14,0,0,0,0,0,0
"Prince Edward Island",2020-02-15,0,0,0,0,0,0
"Prince Edward Island",2020-02-16,0,0,0,0,0,0
"Prince Edward Island",2020-02-17,0,0,0,0,0,0
"Prince Edward Island",2020-02-18,0,0,0,0,0,0
"Prince Edward Island",2020-02-19,0,0,0,0,0,0
"Prince Edward Island",2020-02-20,0,0,0,0,0,0
"Prince Edward Island",2020-02-21,0,0,0,0,0,0
"Prince Edward Island",2020-02-22,0,0,0,0,0,0
"Prince Edward Island",2020-02-23,0,0,0,0,0,0
"Prince Edward Island",2020-02-24,0,0,0,0,0,0
"Prince Edward Island",2020-02-25,0,0,0,0,0,0
"Prince Edward Island",2020-02-26,0,0,0,0,0,0
"Prince Edward Island",2020-02-27,0,0,0,0,0,0
"Prince Edward Island",2020-02-28,0,0,0,0,0,0
"Prince Edward Island",2020-02-29,0,0,0,0,0,0
"Prince Edward Island",2020-03-01,0,0,0,0,0,0
"Prince Edward Island",2020-03-02,0,0,0,0,0,0
"Prince Edward Island",2020-03-03,0,0,0,0,0,0
"Prince Edward Island",2020-03-04,0,0,0,0,0,0
"Prince Edward Island",2020-03-05,0,0,0,0,0,0
"Prince Edward Island",2020-03-06,0,0,0,0,0,0
"Prince Edward Island",2020-03-07,0,0,0,0,0,0
"Prince Edward Island",2020-03-08,0,0,0,0,0,0
"Prince Edward Island",2020-03-09,0,0,0,0,0,0
"Prince Edward Island",2020-03-10,0,0,0,0,0,0
"Prince Edward Island",2020-03-11,0,0,0,0,0,0
"Prince Edward Island",2020-03-12,0,0,0,0,0,0
"Prince Edward Island",2020-03-13,0,0,0,0,0,0
"Prince Edward Island",2020-03-14,0,0,0,0,0,0
"Prince Edward Island",2020-03-15,1,0,1,0,0,1
"Prince Edward Island",2020-03-16,1,0,1,0,0,1
"Prince Edward Island",2020-03-17,1,0,1,0,0,1
"Prince Edward Island",2020-03-18,1,0,1,0,0,1
"Prince Edward Island",2020-03-19,2,0,2,0,0,2
"Prince Edward Island",2020-03-20,2,0,2,0,0,2
"Prince Edward Island",2020-03-21,2,0,2,0,0,2
"Prince Edward Island",2020-03-22,3,0,3,0,0,3
"Prince Edward Island",2020-03-23,3,0,3,0,0,3
"Prince Edward Island",2020-03-24,3,0,3,0,0,3
"Prince Edward Island",2020-03-25,5,0,5,0,0,5
"Prince Edward Island",2020-03-26,5,0,9,0,0,9
"Prince Edward Island",2020-03-27,9,0,11,0,0,11
"Prince Edward Island",2020-03-28,11,0,11,0,0,11
"Prince Edward Island",2020-03-29,11,0,11,0,0,11
"Prince Edward Island",2020-03-30,18,0,18,0,0,18
"Prince Edward Island",2020-03-31,21,0,21,0,0,21
"Prince Edward Island",2020-04-01,21,0,21,0,0,21
"Prince Edward Island",2020-04-02,22,0,22,0,0,22
"Prince Edward Island",2020-04-03,22,0,22,0,0,22
"Prince Edward Island",2020-04-04,22,0,22,0,0,22
"Prince Edward Island",2020-04-05,22,0,22,0,0,22
"Prince Edward Island",2020-04-06,22,0,22,0,0,22
"Prince Edward Island",2020-04-07,22,0,22,0,0,22
"Prince Edward Island",2020-04-08,25,1,24,0,0,24
"Prince Edward Island",2020-04-09,25,0,25,0,0,25
"Prince Edward Island",2020-04-10,25,0,25,0,0,25
"Prince Edward Island",2020-04-11,25,0,25,0,0,25
"Prince Edward Island",2020-04-12,25,0,25,0,0,25
"Prince Edward Island",2020-04-13,25,0,25,0,0,25
"Prince Edward Island",2020-04-14,25,0,25,0,0,25
"Prince Edward Island",2020-04-15,26,0,26,0,0,26
"Prince Edward Island",2020-04-16,26,0,26,0,0,26
"Prince Edward Island",2020-04-17,26,0,26,0,0,26
"Prince Edward Island",2020-04-18,26,0,26,0,0,26
"Prince Edward Island",2020-04-19,26,0,26,0,0,26
"Prince Edward Island",2020-04-20,26,0,26,0,0,26
"Prince Edward Island",2020-04-21,26,0,26,0,0,26
"Prince Edward Island",2020-04-22,26,0,26,0,0,26
"Prince Edward Island",2020-04-23,26,0,26,0,0,26
"Prince Edward Island",2020-04-24,26,0,26,0,0,26
"Prince Edward Island",2020-04-25,26,0,26,0,0,26
"Prince Edward Island",2020-04-26,26,0,26,0,0,26
"Prince Edward Island",2020-04-27,26,0,26,0,0,26
"Prince Edward Island",2020-04-28,27,0,27,0,0,27
"Prince Edward Island",2020-04-29,27,0,27,0,0,27
"Prince Edward Island",2020-04-30,27,0,27,0,0,27
"Prince Edward Island",2020-05-01,27,0,27,0,0,27
"Prince Edward Island",2020-05-02,27,0,27,0,0,27
"Prince Edward Island",2020-05-03,27,0,27,0,0,27
"Prince Edward Island",2020-05-04,27,0,27,0,0,27
"Prince Edward Island",2020-05-05,27,0,27,0,0,27
"Prince Edward Island",2020-05-06,27,0,27,0,0,27
"Prince Edward Island",2020-05-07,27,0,27,0,0,27
"Prince Edward Island",2020-05-08,27,0,27,0,0,27
"Prince Edward Island",2020-05-09,27,0,27,0,0,27
"Prince Edward Island",2020-05-10,0,0,27,0,0,27
"Quebec",2019-12-31,0,0,0,0,0,0
"Quebec",2020-01-01,0,0,0,0,0,0
"Quebec",2020-01-02,0,0,0,0,0,0
"Quebec",2020-01-03,0,0,0,0,0,0
"Quebec",2020-01-04,0,0,0,0,0,0
"Quebec",2020-01-05,0,0,0,0,0,0
"Quebec",2020-01-06,0,0,0,0,0,0
"Quebec",2020-01-07,0,0,0,0,0,0
"Quebec",2020-01-08,0,0,0,0,0,0
"Quebec",2020-01-09,0,0,0,0,0,0
"Quebec",2020-01-10,0,0,0,0,0,0
"Quebec",2020-01-11,0,0,0,0,0,0
"Quebec",2020-01-12,0,0,0,0,0,0
"Quebec",2020-01-13,0,0,0,0,0,0
"Quebec",2020-01-14,0,0,0,0,0,0
"Quebec",2020-01-15,0,0,0,0,0,0
"Quebec",2020-01-16,0,0,0,0,0,0
"Quebec",2020-01-17,0,0,0,0,0,0
"Quebec",2020-01-18,0,0,0,0,0,0
"Quebec",2020-01-19,0,0,0,0,0,0
"Quebec",2020-01-20,0,0,0,0,0,0
"Quebec",2020-01-21,0,0,0,0,0,0
"Quebec",2020-01-22,0,0,0,0,0,0
"Quebec",2020-01-23,0,0,0,0,0,0
"Quebec",2020-01-24,0,0,0,0,0,0
"Quebec",2020-01-25,0,0,0,0,0,0
"Quebec",2020-01-26,0,0,0,0,0,0
"Quebec",2020-01-27,0,0,0,0,0,0
"Quebec",2020-01-28,0,0,0,0,0,0
"Quebec",2020-01-29,0,0,0,0,0,0
"Quebec",2020-01-30,0,0,0,0,0,0
"Quebec",2020-01-31,0,0,0,0,0,0
"Quebec",2020-02-01,0,0,0,0,0,0
"Quebec",2020-02-02,0,0,0,0,0,0
"Quebec",2020-02-03,0,0,0,0,0,0
"Quebec",2020-02-04,0,0,0,0,0,0
"Quebec",2020-02-05,0,0,0,0,0,0
"Quebec",2020-02-06,0,0,0,0,0,0
"Quebec",2020-02-07,0,0,0,0,0,0
"Quebec",2020-02-08,0,0,0,0,0,0
"Quebec",2020-02-09,0,0,0,0,0,0
"Quebec",2020-02-10,0,0,0,0,0,0
"Quebec",2020-02-11,0,0,0,0,0,0
"Quebec",2020-02-12,0,0,0,0,0,0
"Quebec",2020-02-13,0,0,0,0,0,0
"Quebec",2020-02-14,0,0,0,0,0,0
"Quebec",2020-02-15,0,0,0,0,0,0
"Quebec",2020-02-16,0,0,0,0,0,0
"Quebec",2020-02-17,0,0,0,0,0,0
"Quebec",2020-02-18,0,0,0,0,0,0
"Quebec",2020-02-19,0,0,0,0,0,0
"Quebec",2020-02-20,0,0,0,0,0,0
"Quebec",2020-02-21,0,0,0,0,0,0
"Quebec",2020-02-22,0,0,0,0,0,0
"Quebec",2020-02-23,0,0,0,0,0,0
"Quebec",2020-02-24,0,0,0,0,0,0
"Quebec",2020-02-25,0,0,0,0,0,0
"Quebec",2020-02-26,0,0,0,0,0,0
"Quebec",2020-02-27,0,0,0,0,0,0
"Quebec",2020-02-28,1,0,0,0,0,0
"Quebec",2020-02-29,1,0,0,0,0,0
"Quebec",2020-03-01,1,0,1,0,0,1
"Quebec",2020-03-02,1,0,1,0,0,1
"Quebec",2020-03-03,1,0,1,0,0,1
"Quebec",2020-03-04,1,0,1,0,0,1
"Quebec",2020-03-05,2,0,2,0,0,2
"Quebec",2020-03-06,2,0,2,0,0,2
"Quebec",2020-03-07,3,0,2,0,0,2
"Quebec",2020-03-08,4,0,3,0,0,3
"Quebec",2020-03-09,4,0,4,0,0,4
"Quebec",2020-03-10,4,0,4,0,0,4
"Quebec",2020-03-11,8,0,7,0,0,7
"Quebec",2020-03-12,9,0,13,0,0,13
"Quebec",2020-03-13,17,0,17,0,0,17
"Quebec",2020-03-14,17,0,17,0,0,17
"Quebec",2020-03-15,24,0,24,0,0,24
"Quebec",2020-03-16,50,0,39,0,0,39
"Quebec",2020-03-17,74,0,50,0,0,50
"Quebec",2020-03-18,94,0,74,0,0,74
"Quebec",2020-03-19,121,1,121,0,0,121
"Quebec",2020-03-20,139,1,139,0,1,139
"Quebec",2020-03-21,181,5,202,19,4,221
"Quebec",2020-03-22,219,4,221,19,4,221
"Quebec",2020-03-23,628,4,221,407,4,628
"Quebec",2020-03-24,1013,4,221,792,4,1013
"Quebec",2020-03-25,1342,6,1339,792,6,1339
"Quebec",2020-03-26,1632,8,1629,792,8,1629
"Quebec",2020-03-27,2024,18,2021,792,18,2021
"Quebec",2020-03-28,2498,22,2498,792,22,2498
"Quebec",2020-03-29,2840,22,2840,792,22,2840
"Quebec",2020-03-30,3430,22,3430,792,25,3430
"Quebec",2020-03-31,4162,31,4162,792,31,4162
"Quebec",2020-04-01,4611,33,4611,792,33,4611
"Quebec",2020-04-02,5518,36,5518,792,36,5518
"Quebec",2020-04-03,6101,61,6101,792,61,6101
"Quebec",2020-04-04,6101,61,6997,792,75,6997
"Quebec",2020-04-05,7944,75,7944,792,94,7944
"Quebec",2020-04-06,8580,121,8580,792,121,8580
"Quebec",2020-04-07,9340,150,9340,792,150,9340
"Quebec",2020-04-08,10031,175,10031,792,175,10031
"Quebec",2020-04-09,10912,216,10912,792,216,10912
"Quebec",2020-04-10,11677,241,11677,792,241,11677
"Quebec",2020-04-11,12292,289,12292,792,289,12292
"Quebec",2020-04-12,12846,328,12846,792,328,12846
"Quebec",2020-04-13,13557,360,13557,792,360,13557
"Quebec",2020-04-14,14248,435,14248,792,435,14248
"Quebec",2020-04-15,14860,487,14860,792,487,14860
"Quebec",2020-04-16,15857,630,15857,792,630,15857
"Quebec",2020-04-17,16798,688,16798,792,688,16798
"Quebec",2020-04-18,17521,688,17521,792,805,17521
"Quebec",2020-04-19,17950,820,18357,792,877,18357
"Quebec",2020-04-20,19319,939,19319,792,939,19319
"Quebec",2020-04-21,20126,1044,20126,792,1041,20126
"Quebec",2020-04-22,20965,1134,20965,792,1134,20965
"Quebec",2020-04-23,21838,1243,21838,792,1243,21838
"Quebec",2020-04-24,22616,1340,22616,792,1340,22616
"Quebec",2020-04-25,23267,1446,23267,792,1446,23267
"Quebec",2020-04-26,24109,1516,24107,792,1515,24107
"Quebec",2020-04-27,24983,1600,24982,792,1599,24982
"Quebec",2020-04-28,25761,1683,25757,792,1682,25757
"Quebec",2020-04-29,26610,1762,26594,792,1761,26594
"Quebec",2020-04-30,27550,1859,27538,792,1859,27538
"Quebec",2020-05-01,28656,2022,28648,792,2022,28648
"Quebec",2020-05-02,29664,2136,29656,792,2136,29656
"Quebec",2020-05-03,31873,2206,31865,792,2205,31865
"Quebec",2020-05-04,32631,2281,32623,792,2280,32623
"Quebec",2020-05-05,33425,2399,33417,792,2398,33417
"Quebec",2020-05-06,34334,2511,34327,792,2510,34327
"Quebec",2020-05-07,35249,2632,35238,792,2631,35238
"Quebec",2020-05-08,36161,2726,36150,792,2725,36150
"Quebec",2020-05-09,36997,2787,36986,792,2786,36986
"Quebec",2020-05-10,0,0,37721,792,2928,37721
"Recovered",2020-01-22,0,0,0,0,0,0
"Recovered",2020-01-23,0,0,0,0,0,0
"Recovered",2020-01-24,0,0,0,0,0,0
"Recovered",2020-01-25,0,0,0,0,0,0
"Recovered",2020-01-26,0,0,0,0,0,0
"Recovered",2020-01-27,0,0,0,0,0,0
"Recovered",2020-01-28,0,0,0,0,0,0
"Recovered",2020-01-29,0,0,0,0,0,0
"Recovered",2020-01-30,0,0,0,0,0,0
"Recovered",2020-01-31,0,0,0,0,0,0
"Recovered",2020-02-01,0,0,0,0,0,0
"Recovered",2020-02-02,0,0,0,0,0,0
"Recovered",2020-02-03,0,0,0,0,0,0
"Recovered",2020-02-04,0,0,0,0,0,0
"Recovered",2020-02-05,0,0,0,0,0,0
"Recovered",2020-02-06,0,0,0,0,0,0
"Recovered",2020-02-07,0,0,0,0,0,0
"Recovered",2020-02-08,0,0,0,0,0,0
"Recovered",2020-02-09,0,0,0,0,0,0
"Recovered",2020-02-10,0,0,0,0,0,0
"Recovered",2020-02-11,0,0,0,0,0,0
"Recovered",2020-02-12,0,0,0,0,0,0
"Recovered",2020-02-13,0,0,0,0,0,0
"Recovered",2020-02-14,0,0,0,0,0,0
"Recovered",2020-02-15,0,0,0,0,0,0
"Recovered",2020-02-16,0,0,0,0,0,0
"Recovered",2020-02-17,0,0,0,0,0,0
"Recovered",2020-02-18,0,0,0,0,0,0
"Recovered",2020-02-19,0,0,0,0,0,0
"Recovered",2020-02-20,0,0,0,0,0,0
"Recovered",2020-02-21,0,0,0,0,0,0
"Recovered",2020-02-22,0,0,0,0,0,0
"Recovered",2020-02-23,0,0,0,0,0,0
"Recovered",2020-02-24,0,0,0,0,0,0
"Recovered",2020-02-25,0,0,0,0,0,0
"Recovered",2020-02-26,0,0,0,0,0,0
"Recovered",2020-02-27,0,0,0,0,0,0
"Recovered",2020-02-28,0,0,0,0,0,0
"Recovered",2020-02-29,0,0,0,0,0,0
"Recovered",2020-03-01,0,0,0,0,0,0
"Recovered",2020-03-02,0,0,0,0,0,0
"Recovered",2020-03-03,0,0,0,0,0,0
"Recovered",2020-03-04,0,0,0,0,0,0
"Recovered",2020-03-05,0,0,0,0,0,0
"Recovered",2020-03-06,0,0,0,0,0,0
"Recovered",2020-03-07,0,0,0,0,0,0
"Recovered",2020-03-08,0,0,0,0,0,0
"Recovered",2020-03-09,0,0,0,0,0,0
"Recovered",2020-03-10,0,0,0,0,0,0
"Recovered",2020-03-11,0,0,0,0,0,0
"Recovered",2020-03-12,0,0,0,0,0,0
"Recovered",2020-03-13,0,0,0,0,0,0
"Recovered",2020-03-14,0,0,0,0,0,0
"Recovered",2020-03-15,0,0,0,0,0,0
"Recovered",2020-03-16,0,0,0,0,0,0
"Recovered",2020-03-17,0,0,0,0,0,0
"Recovered",2020-03-18,0,0,0,0,0,0
"Recovered",2020-03-19,0,0,0,0,0,0
"Recovered",2020-03-20,0,0,0,0,0,0
"Recovered",2020-03-21,0,0,0,0,0,0
"Recovered",2020-03-22,0,0,0,0,0,0
"Recovered",2020-03-23,0,0,0,0,0,0
"Recovered",2020-03-24,0,0,0,0,0,0
"Recovered",2020-03-25,0,0,0,0,0,0
"Recovered",2020-03-26,0,0,0,0,0,0
"Recovered",2020-03-27,0,0,0,0,0,0
"Recovered",2020-03-28,0,0,0,0,0,0
"Recovered",2020-03-29,0,0,0,0,0,0
"Recovered",2020-03-30,0,0,0,0,0,0
"Recovered",2020-03-31,0,0,0,0,0,0
"Recovered",2020-04-01,0,0,0,0,0,0
"Recovered",2020-04-02,0,0,0,0,0,0
"Recovered",2020-04-03,0,0,0,0,0,0
"Recovered",2020-04-04,0,0,0,0,0,0
"Recovered",2020-04-05,0,0,0,0,0,0
"Recovered",2020-04-06,0,0,0,0,0,0
"Recovered",2020-04-07,0,0,0,0,0,0
"Recovered",2020-04-08,0,0,0,0,0,0
"Recovered",2020-04-09,0,0,0,0,0,0
"Recovered",2020-04-10,0,0,0,0,0,0
"Recovered",2020-04-11,0,0,0,0,0,0
"Recovered",2020-04-12,0,0,0,0,0,0
"Recovered",2020-04-13,0,0,0,0,0,0
"Recovered",2020-04-14,0,0,0,0,0,0
"Recovered",2020-04-15,0,0,0,0,0,0
"Recovered",2020-04-16,0,0,0,0,0,0
"Recovered",2020-04-17,0,0,0,0,0,0
"Recovered",2020-04-18,0,0,0,0,0,0
"Recovered",2020-04-19,0,0,0,0,0,0
"Recovered",2020-04-20,0,0,0,0,0,0
"Recovered",2020-04-21,0,0,0,0,0,0
"Recovered",2020-04-22,0,0,0,0,0,0
"Recovered",2020-04-23,0,0,0,0,0,0
"Recovered",2020-04-24,0,0,0,0,0,0
"Recovered",2020-04-25,0,0,0,0,0,0
"Recovered",2020-04-26,0,0,0,0,0,0
"Recovered",2020-04-27,0,0,0,0,0,0
"Recovered",2020-04-28,0,0,0,0,0,0
"Recovered",2020-04-29,0,0,0,0,0,0
"Recovered",2020-04-30,0,0,0,0,0,0
"Recovered",2020-05-01,0,0,0,0,0,0
"Recovered",2020-05-02,0,0,0,0,0,0
"Recovered",2020-05-03,0,0,0,0,0,0
"Recovered",2020-05-04,0,0,0,0,0,0
"Recovered",2020-05-05,0,0,0,0,0,0
"Recovered",2020-05-06,0,0,0,0,0,0
"Recovered",2020-05-07,0,0,0,0,0,0
"Recovered",2020-05-08,0,0,0,0,0,0
"Recovered",2020-05-09,0,0,0,0,0,0
"Repatriated travellers",2019-12-31,0,0,0,0,0,0
"Repatriated travellers",2020-01-01,0,0,0,0,0,0
"Repatriated travellers",2020-01-02,0,0,0,0,0,0
"Repatriated travellers",2020-01-03,0,0,0,0,0,0
"Repatriated travellers",2020-01-04,0,0,0,0,0,0
"Repatriated travellers",2020-01-05,0,0,0,0,0,0
"Repatriated travellers",2020-01-06,0,0,0,0,0,0
"Repatriated travellers",2020-01-07,0,0,0,0,0,0
"Repatriated travellers",2020-01-08,0,0,0,0,0,0
"Repatriated travellers",2020-01-09,0,0,0,0,0,0
"Repatriated travellers",2020-01-10,0,0,0,0,0,0
"Repatriated travellers",2020-01-11,0,0,0,0,0,0
"Repatriated travellers",2020-01-12,0,0,0,0,0,0
"Repatriated travellers",2020-01-13,0,0,0,0,0,0
"Repatriated travellers",2020-01-14,0,0,0,0,0,0
"Repatriated travellers",2020-01-15,0,0,0,0,0,0
"Repatriated travellers",2020-01-16,0,0,0,0,0,0
"Repatriated travellers",2020-01-17,0,0,0,0,0,0
"Repatriated travellers",2020-01-18,0,0,0,0,0,0
"Repatriated travellers",2020-01-19,0,0,0,0,0,0
"Repatriated travellers",2020-01-20,0,0,0,0,0,0
"Repatriated travellers",2020-01-21,0,0,0,0,0,0
"Repatriated travellers",2020-01-22,0,0,0,0,0,0
"Repatriated travellers",2020-01-23,0,0,0,0,0,0
"Repatriated travellers",2020-01-24,0,0,0,0,0,0
"Repatriated travellers",2020-01-25,0,0,0,0,0,0
"Repatriated travellers",2020-01-26,0,0,0,0,0,0
"Repatriated travellers",2020-01-27,0,0,0,0,0,0
"Repatriated travellers",2020-01-28,0,0,0,0,0,0
"Repatriated travellers",2020-01-29,0,0,0,0,0,0
"Repatriated travellers",2020-01-30,0,0,0,0,0,0
"Repatriated travellers",2020-01-31,0,0,0,0,0,0
"Repatriated travellers",2020-02-01,0,0,0,0,0,0
"Repatriated travellers",2020-02-02,0,0,0,0,0,0
"Repatriated travellers",2020-02-03,0,0,0,0,0,0
"Repatriated travellers",2020-02-04,0,0,0,0,0,0
"Repatriated travellers",2020-02-05,0,0,0,0,0,0
"Repatriated travellers",2020-02-06,0,0,0,0,0,0
"Repatriated travellers",2020-02-07,0,0,0,0,0,0
"Repatriated travellers",2020-02-08,0,0,0,0,0,0
"Repatriated travellers",2020-02-09,0,0,0,0,0,0
"Repatriated travellers",2020-02-10,0,0,0,0,0,0
"Repatriated travellers",2020-02-11,0,0,0,0,0,0
"Repatriated travellers",2020-02-12,0,0,0,0,0,0
"Repatriated travellers",2020-02-13,0,0,0,0,0,0
"Repatriated travellers",2020-02-14,0,0,0,0,0,0
"Repatriated travellers",2020-02-15,0,0,0,0,0,0
"Repatriated travellers",2020-02-16,0,0,0,0,0,0
"Repatriated travellers",2020-02-17,0,0,0,0,0,0
"Repatriated travellers",2020-02-18,0,0,0,0,0,0
"Repatriated travellers",2020-02-19,0,0,0,0,0,0
"Repatriated travellers",2020-02-20,0,0,0,0,0,0
"Repatriated travellers",2020-02-21,0,0,0,0,0,0
"Repatriated travellers",2020-02-22,0,0,0,0,0,0
"Repatriated travellers",2020-02-23,0,0,0,0,0,0
"Repatriated travellers",2020-02-24,0,0,0,0,0,0
"Repatriated travellers",2020-02-25,0,0,0,0,0,0
"Repatriated travellers",2020-02-26,0,0,0,0,0,0
"Repatriated travellers",2020-02-27,0,0,0,0,0,0
"Repatriated travellers",2020-02-28,0,0,0,0,0,0
"Repatriated travellers",2020-02-29,0,0,0,0,0,0
"Repatriated travellers",2020-03-01,0,0,0,0,0,0
"Repatriated travellers",2020-03-02,0,0,0,0,0,0
"Repatriated travellers",2020-03-03,0,0,0,0,0,0
"Repatriated travellers",2020-03-04,0,0,0,0,0,0
"Repatriated travellers",2020-03-05,0,0,0,0,0,0
"Repatriated travellers",2020-03-06,0,0,0,0,0,0
"Repatriated travellers",2020-03-07,0,0,0,0,0,0
"Repatriated travellers",2020-03-08,0,0,0,0,0,0
"Repatriated travellers",2020-03-09,0,0,0,0,0,0
"Repatriated travellers",2020-03-10,0,0,0,0,0,0
"Repatriated travellers",2020-03-11,0,0,1,0,0,1
"Repatriated travellers",2020-03-12,0,0,1,0,0,1
"Repatriated travellers",2020-03-13,0,0,2,0,0,2
"Repatriated travellers",2020-03-14,0,0,2,0,0,2
"Repatriated travellers",2020-03-15,0,0,4,0,0,4
"Repatriated travellers",2020-03-16,0,0,4,0,0,4
"Repatriated travellers",2020-03-17,0,0,8,0,0,8
"Repatriated travellers",2020-03-18,0,0,9,0,0,9
"Repatriated travellers",2020-03-19,0,0,10,0,0,10
"Repatriated travellers",2020-03-20,0,0,13,0,0,13
"Repatriated travellers",2020-03-21,0,0,13,0,0,13
"Repatriated travellers",2020-03-22,0,0,13,0,0,13
"Repatriated travellers",2020-03-23,0,0,13,0,0,13
"Repatriated travellers",2020-03-24,0,0,13,0,0,13
"Repatriated travellers",2020-03-25,0,0,13,0,0,13
"Repatriated travellers",2020-03-26,0,0,13,0,0,13
"Repatriated travellers",2020-03-27,0,0,13,0,0,13
"Repatriated travellers",2020-03-28,0,0,13,0,0,13
"Repatriated travellers",2020-03-29,0,0,13,0,0,13
"Repatriated travellers",2020-03-30,0,0,13,0,0,13
"Repatriated travellers",2020-03-31,0,0,13,0,0,13
"Repatriated travellers",2020-04-01,0,0,13,0,0,13
"Repatriated travellers",2020-04-02,0,0,13,0,0,13
"Repatriated travellers",2020-04-03,0,0,13,0,0,13
"Repatriated travellers",2020-04-04,0,0,13,0,0,13
"Repatriated travellers",2020-04-05,0,0,13,0,0,13
"Repatriated travellers",2020-04-06,0,0,13,0,0,13
"Repatriated travellers",2020-04-07,0,0,13,0,0,13
"Repatriated travellers",2020-04-08,0,0,13,0,0,13
"Repatriated travellers",2020-04-09,0,0,13,0,0,13
"Repatriated travellers",2020-04-10,0,0,13,0,0,13
"Repatriated travellers",2020-04-11,0,0,13,0,0,13
"Repatriated travellers",2020-04-12,0,0,13,0,0,13
"Repatriated travellers",2020-04-13,0,0,13,0,0,13
"Repatriated travellers",2020-04-14,0,0,13,0,0,13
"Repatriated travellers",2020-04-15,0,0,13,0,0,13
"Repatriated travellers",2020-04-16,0,0,13,0,0,13
"Repatriated travellers",2020-04-17,0,0,13,0,0,13
"Repatriated travellers",2020-04-18,0,0,13,0,0,13
"Repatriated travellers",2020-04-19,0,0,13,0,0,13
"Repatriated travellers",2020-04-20,0,0,13,0,0,13
"Repatriated travellers",2020-04-21,0,0,13,0,0,13
"Repatriated travellers",2020-04-22,0,0,13,0,0,13
"Repatriated travellers",2020-04-23,0,0,13,0,0,13
"Repatriated travellers",2020-04-24,0,0,13,0,0,13
"Repatriated travellers",2020-04-25,0,0,13,0,0,13
"Repatriated travellers",2020-04-26,0,0,13,0,0,13
"Repatriated travellers",2020-04-27,0,0,13,0,0,13
"Repatriated travellers",2020-04-28,0,0,13,0,0,13
"Repatriated travellers",2020-04-29,0,0,13,0,0,13
"Repatriated travellers",2020-04-30,0,0,13,0,0,13
"Repatriated travellers",2020-05-01,0,0,13,0,0,13
"Repatriated travellers",2020-05-02,0,0,13,0,0,13
"Repatriated travellers",2020-05-03,0,0,13,0,0,13
"Repatriated travellers",2020-05-04,0,0,13,0,0,13
"Repatriated travellers",2020-05-05,0,0,13,0,0,13
"Repatriated travellers",2020-05-06,0,0,13,0,0,13
"Repatriated travellers",2020-05-07,0,0,13,0,0,13
"Repatriated travellers",2020-05-08,0,0,13,0,0,13
"Repatriated travellers",2020-05-09,0,0,13,0,0,13
"Repatriated travellers",2020-05-10,0,0,13,0,0,13
"Saskatchewan",2019-12-31,0,0,0,0,0,0
"Saskatchewan",2020-01-01,0,0,0,0,0,0
"Saskatchewan",2020-01-02,0,0,0,0,0,0
"Saskatchewan",2020-01-03,0,0,0,0,0,0
"Saskatchewan",2020-01-04,0,0,0,0,0,0
"Saskatchewan",2020-01-05,0,0,0,0,0,0
"Saskatchewan",2020-01-06,0,0,0,0,0,0
"Saskatchewan",2020-01-07,0,0,0,0,0,0
"Saskatchewan",2020-01-08,0,0,0,0,0,0
"Saskatchewan",2020-01-09,0,0,0,0,0,0
"Saskatchewan",2020-01-10,0,0,0,0,0,0
"Saskatchewan",2020-01-11,0,0,0,0,0,0
"Saskatchewan",2020-01-12,0,0,0,0,0,0
"Saskatchewan",2020-01-13,0,0,0,0,0,0
"Saskatchewan",2020-01-14,0,0,0,0,0,0
"Saskatchewan",2020-01-15,0,0,0,0,0,0
"Saskatchewan",2020-01-16,0,0,0,0,0,0
"Saskatchewan",2020-01-17,0,0,0,0,0,0
"Saskatchewan",2020-01-18,0,0,0,0,0,0
"Saskatchewan",2020-01-19,0,0,0,0,0,0
"Saskatchewan",2020-01-20,0,0,0,0,0,0
"Saskatchewan",2020-01-21,0,0,0,0,0,0
"Saskatchewan",2020-01-22,0,0,0,0,0,0
"Saskatchewan",2020-01-23,0,0,0,0,0,0
"Saskatchewan",2020-01-24,0,0,0,0,0,0
"Saskatchewan",2020-01-25,0,0,0,0,0,0
"Saskatchewan",2020-01-26,0,0,0,0,0,0
"Saskatchewan",2020-01-27,0,0,0,0,0,0
"Saskatchewan",2020-01-28,0,0,0,0,0,0
"Saskatchewan",2020-01-29,0,0,0,0,0,0
"Saskatchewan",2020-01-30,0,0,0,0,0,0
"Saskatchewan",2020-01-31,0,0,0,0,0,0
"Saskatchewan",2020-02-01,0,0,0,0,0,0
"Saskatchewan",2020-02-02,0,0,0,0,0,0
"Saskatchewan",2020-02-03,0,0,0,0,0,0
"Saskatchewan",2020-02-04,0,0,0,0,0,0
"Saskatchewan",2020-02-05,0,0,0,0,0,0
"Saskatchewan",2020-02-06,0,0,0,0,0,0
"Saskatchewan",2020-02-07,0,0,0,0,0,0
"Saskatchewan",2020-02-08,0,0,0,0,0,0
"Saskatchewan",2020-02-09,0,0,0,0,0,0
"Saskatchewan",2020-02-10,0,0,0,0,0,0
"Saskatchewan",2020-02-11,0,0,0,0,0,0
"Saskatchewan",2020-02-12,0,0,0,0,0,0
"Saskatchewan",2020-02-13,0,0,0,0,0,0
"Saskatchewan",2020-02-14,0,0,0,0,0,0
"Saskatchewan",2020-02-15,0,0,0,0,0,0
"Saskatchewan",2020-02-16,0,0,0,0,0,0
"Saskatchewan",2020-02-17,0,0,0,0,0,0
"Saskatchewan",2020-02-18,0,0,0,0,0,0
"Saskatchewan",2020-02-19,0,0,0,0,0,0
"Saskatchewan",2020-02-20,0,0,0,0,0,0
"Saskatchewan",2020-02-21,0,0,0,0,0,0
"Saskatchewan",2020-02-22,0,0,0,0,0,0
"Saskatchewan",2020-02-23,0,0,0,0,0,0
"Saskatchewan",2020-02-24,0,0,0,0,0,0
"Saskatchewan",2020-02-25,0,0,0,0,0,0
"Saskatchewan",2020-02-26,0,0,0,0,0,0
"Saskatchewan",2020-02-27,0,0,0,0,0,0
"Saskatchewan",2020-02-28,0,0,0,0,0,0
"Saskatchewan",2020-02-29,0,0,0,0,0,0
"Saskatchewan",2020-03-01,0,0,0,0,0,0
"Saskatchewan",2020-03-02,0,0,0,0,0,0
"Saskatchewan",2020-03-03,0,0,0,0,0,0
"Saskatchewan",2020-03-04,0,0,0,0,0,0
"Saskatchewan",2020-03-05,0,0,0,0,0,0
"Saskatchewan",2020-03-06,0,0,0,0,0,0
"Saskatchewan",2020-03-07,0,0,0,0,0,0
"Saskatchewan",2020-03-08,0,0,0,0,0,0
"Saskatchewan",2020-03-09,0,0,0,0,0,0
"Saskatchewan",2020-03-10,0,0,0,0,0,0
"Saskatchewan",2020-03-11,0,0,0,0,0,0
"Saskatchewan",2020-03-12,0,0,0,1,0,1
"Saskatchewan",2020-03-13,2,0,0,1,0,1
"Saskatchewan",2020-03-14,2,0,0,2,0,2
"Saskatchewan",2020-03-15,2,0,0,2,0,2
"Saskatchewan",2020-03-16,7,0,1,5,0,6
"Saskatchewan",2020-03-17,7,0,2,5,0,7
"Saskatchewan",2020-03-18,8,0,2,6,0,8
"Saskatchewan",2020-03-19,16,0,8,12,0,20
"Saskatchewan",2020-03-20,20,0,8,18,0,26
"Saskatchewan",2020-03-21,26,0,25,19,0,44
"Saskatchewan",2020-03-22,52,0,33,19,0,52
"Saskatchewan",2020-03-23,66,0,65,19,0,66
"Saskatchewan",2020-03-24,72,0,72,19,0,72
"Saskatchewan",2020-03-25,72,0,86,19,0,86
"Saskatchewan",2020-03-26,95,0,95,19,0,95
"Saskatchewan",2020-03-27,95,0,104,19,0,104
"Saskatchewan",2020-03-28,134,0,134,19,0,134
"Saskatchewan",2020-03-29,156,0,134,19,0,134
"Saskatchewan",2020-03-30,156,2,175,19,2,175
"Saskatchewan",2020-03-31,184,2,184,19,2,184
"Saskatchewan",2020-04-01,193,3,193,19,3,193
"Saskatchewan",2020-04-02,206,3,206,19,3,206
"Saskatchewan",2020-04-03,220,3,220,19,3,220
"Saskatchewan",2020-04-04,220,3,231,19,3,231
"Saskatchewan",2020-04-05,249,3,249,19,3,249
"Saskatchewan",2020-04-06,249,3,253,19,3,253
"Saskatchewan",2020-04-07,260,3,260,19,3,260
"Saskatchewan",2020-04-08,260,3,271,19,3,271
"Saskatchewan",2020-04-09,271,3,278,19,3,278
"Saskatchewan",2020-04-10,285,3,285,19,3,285
"Saskatchewan",2020-04-11,289,4,289,19,4,289
"Saskatchewan",2020-04-12,298,4,296,19,4,298
"Saskatchewan",2020-04-13,300,4,300,19,4,300
"Saskatchewan",2020-04-14,300,4,301,19,4,301
"Saskatchewan",2020-04-15,304,4,304,19,4,304
"Saskatchewan",2020-04-16,305,4,305,19,4,305
"Saskatchewan",2020-04-17,307,4,306,19,4,307
"Saskatchewan",2020-04-18,313,4,310,19,4,313
"Saskatchewan",2020-04-19,315,4,314,19,4,315
"Saskatchewan",2020-04-20,316,4,316,19,4,316
"Saskatchewan",2020-04-21,320,4,320,19,4,320
"Saskatchewan",2020-04-22,326,4,326,19,4,326
"Saskatchewan",2020-04-23,331,4,331,19,4,331
"Saskatchewan",2020-04-24,341,4,341,19,4,341
"Saskatchewan",2020-04-25,349,4,347,19,4,349
"Saskatchewan",2020-04-26,353,4,353,19,4,353
"Saskatchewan",2020-04-27,365,5,365,19,5,365
"Saskatchewan",2020-04-28,366,5,366,19,5,366
"Saskatchewan",2020-04-29,383,6,383,19,6,383
"Saskatchewan",2020-04-30,389,7,389,19,6,389
"Saskatchewan",2020-05-01,415,7,415,19,6,415
"Saskatchewan",2020-05-02,421,7,421,19,6,421
"Saskatchewan",2020-05-03,433,7,433,19,6,433
"Saskatchewan",2020-05-04,467,7,467,19,6,467
"Saskatchewan",2020-05-05,487,7,487,19,6,487
"Saskatchewan",2020-05-06,512,7,512,19,6,512
"Saskatchewan",2020-05-07,531,7,531,19,6,531
"Saskatchewan",2020-05-08,544,7,544,19,6,544
"Saskatchewan",2020-05-09,553,7,553,19,6,553
"Saskatchewan",2020-05-10,0,0,564,19,6,564
"Yukon",2019-12-31,0,0,0,0,0,0
"Yukon",2020-01-01,0,0,0,0,0,0
"Yukon",2020-01-02,0,0,0,0,0,0
"Yukon",2020-01-03,0,0,0,0,0,0
"Yukon",2020-01-04,0,0,0,0,0,0
"Yukon",2020-01-05,0,0,0,0,0,0
"Yukon",2020-01-06,0,0,0,0,0,0
"Yukon",2020-01-07,0,0,0,0,0,0
"Yukon",2020-01-08,0,0,0,0,0,0
"Yukon",2020-01-09,0,0,0,0,0,0
"Yukon",2020-01-10,0,0,0,0,0,0
"Yukon",2020-01-11,0,0,0,0,0,0
"Yukon",2020-01-12,0,0,0,0,0,0
"Yukon",2020-01-13,0,0,0,0,0,0
"Yukon",2020-01-14,0,0,0,0,0,0
"Yukon",2020-01-15,0,0,0,0,0,0
"Yukon",2020-01-16,0,0,0,0,0,0
"Yukon",2020-01-17,0,0,0,0,0,0
"Yukon",2020-01-18,0,0,0,0,0,0
"Yukon",2020-01-19,0,0,0,0,0,0
"Yukon",2020-01-20,0,0,0,0,0,0
"Yukon",2020-01-21,0,0,0,0,0,0
"Yukon",2020-01-22,0,0,0,0,0,0
"Yukon",2020-01-23,0,0,0,0,0,0
"Yukon",2020-01-24,0,0,0,0,0,0
"Yukon",2020-01-25,0,0,0,0,0,0
"Yukon",2020-01-26,0,0,0,0,0,0
"Yukon",2020-01-27,0,0,0,0,0,0
"Yukon",2020-01-28,0,0,0,0,0,0
"Yukon",2020-01-29,0,0,0,0,0,0
"Yukon",2020-01-30,0,0,0,0,0,0
"Yukon",2020-01-31,0,0,0,0,0,0
"Yukon",2020-02-01,0,0,0,0,0,0
"Yukon",2020-02-02,0,0,0,0,0,0
"Yukon",2020-02-03,0,0,0,0,0,0
"Yukon",2020-02-04,0,0,0,0,0,0
"Yukon",2020-02-05,0,0,0,0,0,0
"Yukon",2020-02-06,0,0,0,0,0,0
"Yukon",2020-02-07,0,0,0,0,0,0
"Yukon",2020-02-08,0,0,0,0,0,0
"Yukon",2020-02-09,0,0,0,0,0,0
"Yukon",2020-02-10,0,0,0,0,0,0
"Yukon",2020-02-11,0,0,0,0,0,0
"Yukon",2020-02-12,0,0,0,0,0,0
"Yukon",2020-02-13,0,0,0,0,0,0
"Yukon",2020-02-14,0,0,0,0,0,0
"Yukon",2020-02-15,0,0,0,0,0,0
"Yukon",2020-02-16,0,0,0,0,0,0
"Yukon",2020-02-17,0,0,0,0,0,0
"Yukon",2020-02-18,0,0,0,0,0,0
"Yukon",2020-02-19,0,0,0,0,0,0
"Yukon",2020-02-20,0,0,0,0,0,0
"Yukon",2020-02-21,0,0,0,0,0,0
"Yukon",2020-02-22,0,0,0,0,0,0
"Yukon",2020-02-23,0,0,0,0,0,0
"Yukon",2020-02-24,0,0,0,0,0,0
"Yukon",2020-02-25,0,0,0,0,0,0
"Yukon",2020-02-26,0,0,0,0,0,0
"Yukon",2020-02-27,0,0,0,0,0,0
"Yukon",2020-02-28,0,0,0,0,0,0
"Yukon",2020-02-29,0,0,0,0,0,0
"Yukon",2020-03-01,0,0,0,0,0,0
"Yukon",2020-03-02,0,0,0,0,0,0
"Yukon",2020-03-03,0,0,0,0,0,0
"Yukon",2020-03-04,0,0,0,0,0,0
"Yukon",2020-03-05,0,0,0,0,0,0
"Yukon",2020-03-06,0,0,0,0,0,0
"Yukon",2020-03-07,0,0,0,0,0,0
"Yukon",2020-03-08,0,0,0,0,0,0
"Yukon",2020-03-09,0,0,0,0,0,0
"Yukon",2020-03-10,0,0,0,0,0,0
"Yukon",2020-03-11,0,0,0,0,0,0
"Yukon",2020-03-12,0,0,0,0,0,0
"Yukon",2020-03-13,0,0,0,0,0,0
"Yukon",2020-03-14,0,0,0,0,0,0
"Yukon",2020-03-15,0,0,0,0,0,0
"Yukon",2020-03-16,0,0,0,0,0,0
"Yukon",2020-03-17,0,0,0,0,0,0
"Yukon",2020-03-18,0,0,0,0,0,0
"Yukon",2020-03-19,0,0,0,0,0,0
"Yukon",2020-03-20,0,0,0,0,0,0
"Yukon",2020-03-21,0,0,0,0,0,0
"Yukon",2020-03-22,0,0,0,0,0,0
"Yukon",2020-03-23,0,0,2,0,0,2
"Yukon",2020-03-24,0,0,2,0,0,2
"Yukon",2020-03-25,0,0,3,0,0,3
"Yukon",2020-03-26,3,0,3,0,0,3
"Yukon",2020-03-27,3,0,3,0,0,3
"Yukon",2020-03-28,4,0,4,0,0,4
"Yukon",2020-03-29,4,0,4,0,0,4
"Yukon",2020-03-30,4,0,5,0,0,5
"Yukon",2020-03-31,5,0,5,0,0,5
"Yukon",2020-04-01,5,0,5,0,0,5
"Yukon",2020-04-02,6,0,6,0,0,6
"Yukon",2020-04-03,6,0,6,0,0,6
"Yukon",2020-04-04,6,0,6,0,0,6
"Yukon",2020-04-05,6,0,6,0,0,6
"Yukon",2020-04-06,6,0,7,0,0,7
"Yukon",2020-04-07,7,0,7,0,0,7
"Yukon",2020-04-08,7,0,7,0,0,7
"Yukon",2020-04-09,7,0,8,0,0,8
"Yukon",2020-04-10,8,0,8,0,0,8
"Yukon",2020-04-11,8,0,8,0,0,8
"Yukon",2020-04-12,8,0,8,0,0,8
"Yukon",2020-04-13,8,0,8,0,0,8
"Yukon",2020-04-14,8,0,8,0,0,8
"Yukon",2020-04-15,8,0,8,0,0,8
"Yukon",2020-04-16,8,0,8,0,0,8
"Yukon",2020-04-17,8,0,9,0,0,9
"Yukon",2020-04-18,9,0,9,0,0,9
"Yukon",2020-04-19,9,0,9,0,0,9
"Yukon",2020-04-20,11,0,11,0,0,11
"Yukon",2020-04-21,11,0,11,0,0,11
"Yukon",2020-04-22,11,0,11,0,0,11
"Yukon",2020-04-23,11,0,11,0,0,11
"Yukon",2020-04-24,11,0,11,0,0,11
"Yukon",2020-04-25,11,0,11,0,0,11
"Yukon",2020-04-26,11,0,11,0,0,11
"Yukon",2020-04-27,11,0,11,0,0,11
"Yukon",2020-04-28,11,0,11,0,0,11
"Yukon",2020-04-29,11,0,11,0,0,11
"Yukon",2020-04-30,11,0,11,0,0,11
"Yukon",2020-05-01,11,0,11,0,0,11
"Yukon",2020-05-02,11,0,11,0,0,11
"Yukon",2020-05-03,11,0,11,0,0,11
"Yukon",2020-05-04,11,0,11,0,0,11
"Yukon",2020-05-05,11,0,11,0,0,11
"Yukon",2020-05-06,11,0,11,0,0,11
"Yukon",2020-05-07,11,0,11,0,0,11
"Yukon",2020-05-08,11,0,11,0,0,11
"Yukon",2020-05-09,11,0,11,0,0,11
"Yukon",2020-05-10,0,0,11,0,0,11
